canonical_value,alias
CHA CON VẠN DẶM
PHIM TRUYỆN Kẻ sống sót
BÁO CHÍ TOÀN CẢNH
KÝ SỰ Đất sinh nghề
HÀ NỘI CHUYỂN ĐỘNG
KHOẢNG TRỜI TUỔI THƠ
THTT LỄ HỘI DU LỊCH BIỂN ĐẢO QUẢNG NGÃI 2026
PHIM TÀI LIỆU Thiên nhiên hoang dã Cát Tiên
PHIM TRUYỆN Chúng ta phải hạnh phúc
PHIM TÀI LIỆU Cánh cửa mở và tấm hộ chiếu mềm
360° THỂ THAO
CHƯƠNG TRÌNH TIẾNG TÀY
LÀM GIÀU TRÊN QUÊ HƯƠNG
MATH DORM
HÀNH TRÌNH NET ZERO
PHÓNG SỰ Cấu trúc lại nghề cá minh bạch và trách nhiệm
TỪ NHỮNG MIỀN QUÊ
BẠN KỂ TÔI NGHE
HỌC TIẾNG ANH QUA BÀI HÁT
CHƯƠNG TRÌNH TIẾNG S’TIÊNG
PHIM TRUYỆN Tình yêu của đời tôi
PHIM TRUYỆN Thượng thực
PHIM TRUYỆN Làng nghề vào xuân
CÙNG NHÌN MỘT HƯỚNG
SỐNG XANH
PHIM TÀI LIỆU Giữa bóng tối và ánh sáng
PHIM TÀI LIỆU 69731 = 69713
PHIM TRUYỆN Nằm vùng
PHIM TRUYỆN Khép mắt chờ ngày mai
CHỊ EM GỠ RỐI
PHIM TRUYỆN Bản năng thép
PHIM TRUYỆN Mối tình đầu
PHIM TRUYỆN Ngọn lửa tham vọng
PHIM TÀI LIỆU Ngôi sao vô danh
CÙNG EM ĐẾN TRƯỜNG
GIAI ĐIỆU CUỘC SỐNG
NẺO VỀ NGUỒN CỘI
PHIM TRUYỆN Quá khứ tình thù
PHIM CA NHẠC
ĐẤU TRƯỜNG ẨM THỰC NHÍ
TÀI CHÍNH - KINH DOANH
VỀ QUÊ
"PHÓNG SỰ Đồng bào tin tưởng, kỳ vọng vào quyết sách đột phá phát triển"
ÂM NHẠC & BƯỚC NHẢY
SITCOM Ship xuân về bên mẹ
PHÓNG SỰ Trải nghiệm ẩm thực Khmer An Giang
TIN THỂ THAO
GÓC NHÌN VĂN HÓA
VUA TIẾNG VIỆT
TIN TỨC
NHỮNG NGƯỜI BẠN DIỆU KỲ
VÌ TẦM VÓC VIỆT
THTT LỄ KHAI MẠC HỘI BÁO TOÀN QUỐC 2026
PHIM TÀI LIỆU Nữ quay phim đầu tiên của Điện ảnh Tây Nam Bộ
PHIM TRUYỆN Mỹ nhân tầng 22
PHIM TRUYỆN Dưới bóng cây hạnh phúc
MỸ VỊ VIỆT NAM
DÒNG CHẢY SỐ
PHIM TÀI LIỆU Thiêng và khát vọng bảo tồn văn hóa người Dao Đỏ
THTT AFC FUTSAL ASIAN CUP INDONESIA 2026
PHIM TRUYỆN Nữ hoàng mặt nạ
PHÓNG SỰ Hà Nội xanh từ từng công trình
PHÓNG SỰ Phép màu hạnh phúc
KÝ SỰ Nghệ thuật lân sư Rồng người Hoa Tp.Hồ Chí Minh
THẦY CÔ CHÚNG TA ĐÃ THAY ĐỔI
PHÓNG SỰ Nghĩa đồng bào ở thành phố nghĩa tình
THTT KHAI MẠC LỄ HỘI HOA BAN 2026
THTT LỄ KHAI MẠC GIẢI BÓNG ĐÁ NỮ CÁC DÂN TỘC THIỂU SỐ CUP VTV TỈNH GIA LAI NĂM 2026
ĐƯỜNG TỚI FIFA WORLD CUP 2026
PHIM TÀI LIỆU Sử thi trên đầu sóng
PHÓNG SỰ Nông dân Việt Nam tự cường vươn xa
HỮU NGHỊ TRƯỜNG XUÂN
PHÓNG SỰ Trao cơ hội cho hộ nghèo thoát nghèo
THTT SÁNG MÃI TÊN NGƯỜI
PHIM TRUYỆN Kiếm chồng cho mẹ chồng
"PHÓNG SỰ Người Việt trồng ""vàng xanh"" ở Kenya"
PHÓNG SỰ Đường đến vòng thực chiến
PHIM TÀI LIỆU Ánh sáng ngày trở về
PHIM TRUYỆN Bánh đúc có xương
PHIM TÀI LIỆU Vùng biển và thềm lục địa - Phân định và tiềm năng
PHIM TRUYỆN Thầy cãi thời Joseon
KHÁT VỌNG MIỀN TRUNG
KÝ SỰ Nhớ về Đồng Lác
BẢN TIN THỜI TIẾT
PHIM TRUYỆN Jerry Maguire
PHIM TRUYỆN Bi kịch hoàng gia
PHIM TÀI LIỆU Những đứa trẻ hạnh phúc
PHIM TRUYỆN Sớm tối có nhau
PHÓNG SỰ Chuyện làng trong vận nước
THTT FIFA WORLD CUP 2026 - VÒNG 1/8
THTT BẾ MẠC LIÊN HOAN PHIM CHÂU Á ĐÀ NẴNG LẦN THỨ IV
PHÓNG SỰ Kinh tế Hà Tĩnh - Thế và lực mới
"LỄ KHỞI CÔNG DỰ ÁN ""FLC PLEIKU GOLF CLUB & LUXURY CITY RESORT"""
PHÓNG SỰ Xây dựng thế trận lòng dân ở Tây Nguyên
THTT LỄ TRAO GIẢI CUỘC THI TÔI KHỎE ĐẸP HƠN LẦN THỨ 4
CÔNG DÂN VÀ PHÁP LUẬT
XUÂN VÃN
THTT KHAI MẠC LIÊN HOAN PHIM CHÂU Á ĐÀ NẴNG LẦN THỨ IV
PHIM TRUYỆN Tinh lạc ngưng thành đường
PHÓNG SỰ Tăng tốc giải ngân đầu tư công
PHÓNG SỰ Khi bầu không khí không còn an toàn
PHÓNG SỰ Nơi tiềm năng hội tụ
THTT AFC WOMEN'S ASIAN CUP 2026
"THTT LỄ KHỞI CÔNG, ĐỘNG THỔ ĐỒNG LOẠT CÁC TRƯỜNG NỘI TRÚ LIÊN CẤP BIÊN GIỚI"
"PHÓNG SỰ Không có vùng cấm trong xử lý nồng độ cồn, tốc độ và xe quá tải"
"TẾT TRÊN BẢN, CƯỜI TRÊN NÚI"
PHÓNG SỰ Tiềm năng cây dược liệu Việt Nam
PHÓNG SỰ Kiến tạo ký ức Việt
TRỌN VẸN CẢM XÚC CÙNG FIFA WORLD CUP 2026
LỜI TỰ SỰ
PHIM TÀI LIỆU Hành tinh máy móc
RA ĐI GIỮ TRỌN LỜI THỀ THỐNG NHẤT
HÀNH TRÌNH DI SẢN
XỔ SỐ KIẾN THIẾT
NGƯỜI VIỆT BỐN PHƯƠNG
BÍ MẬT THẾ KỶ
ĐẤT KHỎE - CÂY TRỒNG KHỎE
NET ZERO - GỬI TƯƠNG LAI
NHỊP CẦU NÔNG NGHIỆP
PHIM TRUYỆN Thiên cơ thập nhị cung
5 KÝ HIỆU NGÔN NGỮ MỖI NGÀY
"HÔM NAY CHƠI GÌ, CHƠI GÌ?"
VTV5 KẾT NỐI
VANG VỌNG TỪ NHỮNG LỜI CA
PHÓNG SỰ Kinh tế di sản - Sức bật từ cội nguồn
CHUYỆN PHỐ PHƯỜNG
PHIM TÀI LIỆU Trung đoàn 10 - Sông Hương trên đất Cà Mau
PHIM TRUYỆN Vũ Canh Kỷ
PHIM TÀI LIỆU Lòng người miền Tây với Bác Hồ
CINE 7
PHIM TÀI LIỆU Đường biên vững mạnh
CHƯƠNG TRÌNH TIẾNG SÁN CHÍ
PHÓNG SỰ Siết chặt IUU - Quyết tâm gỡ thẻ vàng
PHÓNG SỰ Nét đẹp văn hóa miền Tây xứ Thanh
PHÓNG SỰ Quy hoạch xuất phát từ thực tế
PHÓNG SỰ Niềm tin mới - Khát vọng mới
7 PHÚT CHO BỮA SÁNG
CÂU CHUYỆN TỪ NHỮNG BÀI CA
"PHIM TRUYỆN Chồng cũ, vợ cũ, người yêu cũ"
CUỘC SỐNG NHIỆM MÀU
BÌNH LUẬN AFC FUTSAL ASIAN CUP INDONESIA 2026
TẾT RỘN RÀNG KHẮP NƠI - THEO BƯỚC MÙA XUÂN
PHIM TÀI LIỆU Đường tới tương lai
NÉT ẨM THỰC VIỆT
BẠN HỎI - THẦY THUỐC TRẢ LỜI
PHÓNG SỰ Cuộc sống mới trên quê hương cách mạng
PHIM TÀI LIỆU Điều không thể mất
PHIM TÀI LIỆU Từ Dương Kinh đến Hải Phòng - Hành trình ra biển lớn
PHIM TRUYỆN Tiệm cầm đồ nhân ái
TT FIFA WORLD CUP 2026 - HẠNG BA
PHÓNG SỰ Nâng cao năng lực cạnh tranh cho doanh nghiệp nhỏ và vừa
PHIM TÀI LIỆU Trách nhiệm thiêng liêng
PHIM TÀI LIỆU Cương vực Việt Nam trên biển
PHIM TRUYỆN Trốn chạy
PHIM TÀI LIỆU Di sản Hồ Chí Minh soi sáng sự nghiệp cách mạng của Đảng và dân tộc trong kỷ nguyên mới
PHIM TRUYỆN Sang xuân mình cưới
CHƯƠNG TRÌNH GIAO LƯU NGHỆ THUẬT - VINH QUANG THẦM LẶNG
PHÓNG SỰ Tp.Hồ Chí Minh và những triển vọng kinh tế cho giai đoạn mới
12 CON GIÁP
PHÓNG SỰ Công an số - Bảo đảm an toàn trên từng cung đường
NGON BÁ CHẤY
PHÓNG SỰ Thanh Hóa - Điểm hẹn du lịch trekking mạo hiểm
BÌNH LUẬN BÓNG ĐÁ AFC U23 ASIAN CUP 2026
PHIM TRUYỆN Những đứa con nhà họ Kiều
CHÍNH PHỦ KIẾN TẠO PHÁT TRIỂN
NGÔI SAO THỂ THAO
PHIM TÀI LIỆU Báo chí thời đổi mới - Khởi đầu một kỷ nguyên mới
PHÓNG SỰ Kỷ vật ngày toàn thắng
PHÓNG SỰ Xây dựng văn hóa giao thông
PHIM TÀI LIỆU Tiếng nói của lương tri
PHÓNG SỰ Phạt nguội - Mắt thần trên mỗi nẻo đường
PHIM TRUYỆN Cầu vồng ở phía chân trời
PHÓNG SỰ Đưa văn hóa Tây Nguyên lên trên không gian số
PHÓNG SỰ Bóng ma tiền ảo
BÌNH LUẬN GIAO HỮU QUỐC TẾ 2026
PHÓNG SỰ 80 năm Cảnh sát giao thông Việt Nam - Những chặng đường vinh quang
PHÓNG SỰ Mùa vàng Pù Luông
PHIM TÀI LIỆU Hải quân Nhân dân Việt Nam - Hành trình giữ biển
CẢM HỨNG FIFA WORLD CUP 2026
THTT DIỄN ĐÀN XÚC TIẾN ĐẦU TƯ TẠI HÀN QUỐC
PHIM TRUYỆN Sứ mệnh vẫy gọi
PHÓNG SỰ Chuyện của Sùng Thị Sơ
THTT LỄ HỘI HOA LƯ NĂM 2026
TT HỒ CHÍ MINH - HÀNH TRÌNH KHÁT VỌNG 2025
PHÓNG SỰ Tp. Hồ Chí Minh đối diện sụt lún
PHÓNG SỰ Luân chuyển - Cầu nối phát triển
PHIM TÀI LIỆU Cuộc chiến chống buôn người
THTT GALA CẶP LÁ YÊU THƯƠNG 2026
PHÓNG SỰ Những mùa hoa Sala
PHIM TÀI LIỆU Biển đảo Việt Nam - Trầm tích và lịch sử
THTT GIẢI CHẠY BUÔN MA THUỘT ROBUSTA HALF MARATHON VTV8 2026
PHIM TRUYỆN Hắc kim phong bạo
PHÓNG SỰ Xuân nơi đầu sóng
GIÁ MÀ BIẾT TRƯỚC
PHIM TRUYỆN Mẹ vắng nhà
PHIM TÀI LIỆU Sức nước
PHIM TÀI LIỆU Bắc Bộ Phủ - từ Nguyễn Ái Quốc đến Hồ Chí Minh
PHIM TRUYỆN Lưu công kỳ án
SỐNG MỚI
LÁ CHẮN CUỘC SỐNG
CHUYỆN... TỪ CHÍNH SÁCH
CÙNG NHAU TA VẬN ĐỘNG
SITCOM Phụ nữ là số 1
PHIM TÀI LIỆU Mây
BÌNH LUẬN V.LEAGUE 2025/2026
HÒA NHẠC THÍNH PHÒNG
PHÓNG SỰ Hướng tới nền nông nghiệp carbon thấp
CUỐN SÁCH CỦA EM
LỚP HỌC HOÀN MỸ
PHÓNG SỰ Cho những cung đường bình yên
TT VÒNG LOẠI ASIAN CUP 2027
MẸ ƠI TẠI SAO?
PHÓNG SỰ Cải thiện đời sống an sinh xã hội
PHIM TRUYỆN Ba chàng quý tử
HÒA CA
TOÀN CẢNH 24H
THÀNH PHỐ ẤM ÁP TÌNH NGƯỜI
KẾT NỐI Y TẾ
PHIM TÀI LIỆU Dự án Hoang Dã
PHÓNG SỰ Những người âm thầm giữ rừng giữa đại ngàn
PHÓNG SỰ Đổi thay trên những vùng đất giàu truyền thống cách mạng
CHƯƠNG TRÌNH TIẾNG GIÉ TRIÊNG
XỨ SỞ CẦU VỒNG
PHIM TÀI LIỆU Thành tựu an ninh - Quốc phòng nhiệm kỳ 2020-2025
CÂU CHUYỆN QUỐC TẾ
BIẾN ĐỔI KHÍ HẬU
PHÓNG SỰ Du lịch cộng đồng cất cánh từ Cồn Sơn
VĂN HÓA QĐND
VỊ QUÊ
KHÔNG GIAN MẠNG
PHIM TÀI LIỆU Trạng Trình Nguyễn Bỉnh Khiêm
DẠ KHÚC BFERO
"PHIM TÀI LIỆU Trường Sa, Hoàng Sa - Lược sử địa lý"
CHECK IN VIỆT NAM
ÔNG BỐ HOÀN HẢO
DOANH NGHIỆP - DOANH NHÂN
SITCOM Tám công sở
THỨC TỈNH TÂM HỒN
ĐIỂM HẸN NGƯỜI VIỆT
"PHÓNG SỰ Công nghiệp văn hóa Tp.Hồ Chí Minh: Khơi thông nguồn lực, bứt phá tầm nhìn"
PHÓNG SỰ Vững vàng phên dậu biên cương
PHÓNG SỰ Đặc sắc ẩm thực đường phố xứ Thanh
"PHÓNG SỰ Ngày hội của ý Đảng, lòng dân"
PHIM TRUYỆN Biệt dược đen
PHÓNG SỰ Minh bạch xuất xứ - Bước đi của doanh nghiệp việt
LÁT CẮT FIFA WORLD CUP 2026
PHIM TÀI LIỆU Thiên nhiên quần đảo Cát Bà
"TẬP ĐÚNG, TẬP HAY"
PHIM TÀI LIỆU Lính sinh viên
TÂN BINH TOÀN NĂNG
PHIM TRUYỆN Bóng mát thành thị
THTT THANH ÂM KỶ NGUYÊN MỚI
PHIM TÀI LIỆU Những viên gạch hồng
PHIM TÀI LIỆU Chiến lược Ấn Độ Dương -Thái Bình Dương của Nhật Bản
PHÓNG SỰ Lâm Đồng: Nông nghiệp công nghệ cao không nhà kính
HOÀ CA CÙNG DÂN TỘC
PHIM TÀI LIỆU Giấc mơ tuổi trẻ ở một Ấn Độ mới
THTT VỮNG BƯỚC DƯỚI CỜ ĐẢNG
HÀNH TRÌNH HẠNH PHÚC 2026
KÝ SỰ Chợ lạ Miền Tây
TRƯỜNG SƠN VẠN DẶM
PHIM TÀI LIỆU Con đường khơi mở tiềm năng kinh tế biển
PHIM TÀI LIỆU Miền Trung - Đường ra biển lớn
PHIM TÀI LIỆU Khát vọng đại dương xanh
PHÓNG SỰ Kim Ngân âm thanh của đại ngàn
S - TECH
ĐỐI THOẠI
PHÓNG SỰ Giữ hồn Mường qua du lịch cộng đồng
ANH TRAI VƯỢT NGÀN CHÔNG GAI 2026
TT KHAI MẠC LỄ HỘI VÌ HÒA BÌNH NĂM 2026
PHIM TRUYỆN Chuyện tốt thành đôi
PHIM TRUYỆN Mộng hoa lục
NHẬT KÝ FIFA WORLD CUP 2026
PHÓNG SỰ Tiến độ xây trường nội trú vùng biên
VIỆT NAM - ĐIỂM HẸN
PHÓNG SỰ Đắk Lắk - Điểm đến mới của các nhà đầu tư
PHÓNG SỰ Khai thác tối đa tiềm năng vùng núi cao
KÝ SỰ Đại bàng Trường Sơn
PHÓNG SỰ Bảo vệ rừng gắn với sinh kế bền vững
PHIM TRUYỆN Tòa án tình yêu
PHIM TÀI LIỆU Những thai kỳ bị cấm
THTT BẢN HÙNG CA TRÊN SÔNG
THTT BẾ MẠC ĐẠI HỘI ĐẠI BIỂU TOÀN QUỐC LẦN THỨ XIV CỦA ĐẢNG
PHÓNG SỰ Âm vang Khắp Coọi
PHÓNG SỰ Cải cách hành chính trong công tác bảo đảm trật tự an toàn giao thông
TẾT VỚI ĐỒNG BÀO
PHIM TÀI LIỆU Tôi là Nguyễn Xuân Son
NGÀY HỘI TOÀN DÂN
PHÓNG SỰ Hồn Khơ mú giữa đại ngàn
THTT GALA TRẠM YÊU THƯƠNG
PHÓNG SỰ Miền đất lịch sử trên hành trình đổi thay
PHIM TRUYỆN Đôi hài vận mệnh
TỰ HÀO THỂ THAO VIỆT NAM
PHIM TÀI LIỆU Một năm sắp xếp lại giang sơn
TT FIFA WORLD CUP 2026 - VÒNG TỨ KẾT
TT BẾ MẠC LỄ HỘI PHÁO HOA QUỐC TẾ ĐÀ NẴNG DIFF 2026
ĐIỂM HẸN BẢN SẮC
PHIM TÀI LIỆU Chuyến tàu thống nhất
CÂY TÁO NỞ HOA
PHIM TRUYỆN Nữ vệ sĩ
PHIM TÀI LIỆU Người gánh ước mơ
PHIM TÀI LIỆU Hành trình số hóa vì nhân dân
"THTT LỄ KHAI MẠC TUẦN LỄ KHOA HỌC, CÔNG NGHỆ - VĂN HÓA, DU LỊCH VÀ CUỘC THI GẠO NGON ĐBSCL LẦN THỨ I NĂM 2026"
PHÓNG SỰ Mang Tết đến với đồng bào vùng biên
PHIM TRUYỆN Tâm lý tội phạm
PHIM TÀI LIỆU Chuyển động thông minh
TT LÒNG MẸ - MẸ VIỆT NAM
PHÓNG SỰ Mùa xuân trên cao
GALA CẶP LÁ YÊU THƯƠNG 2026
KÝ SỰ Sống nơi cửa sông
CẶP LÁ YÊU THƯƠNG
24H ONLINE
BẤT ĐỘNG SẢN AN TOÀN
PHIM TÀI LIỆU Đôi chân của Khải
PHIM TÀI LIỆU Báo chí và mầm mống cách mạng
PHIM TRUYỆN Mùa cưới
PHIM TÀI LIỆU Những vương quốc ngầm
VÌ BÌNH YÊN CUỘC SỐNG
CHÉM GIÓ - GIÓ CHÉM
VÕ THUẬT TỔNG HỢP MMA
PHIM TÀI LIỆU Văn hóa Việt - những giá trị nguồn cội
SITCOM Hạnh phúc có thật
BẠN LÀ HÌNH GÌ
SITCOM Tiếu lâm du ký
PHIM TRUYỆN Ước mình cùng bay
TỔ QUỐC TRONG TIM
PHIM TRUYỆN Thiên thịnh trường ca
AI LÀ TRIỆU PHÚ
PHÓNG SỰ Giải Pickleball Bộ Y tế - VTV8: Lan tỏa tinh thần thể thao
PHÓNG SỰ Nâng tầm giá trị tài nguyên bản địa
PHIM TRUYỆN Phía bên kia thành phố
AI THỰC CHIẾN
CHẤT LƯỢNG CUỘC SỐNG
MÀU CỜ TÔI YÊU
THTT DƯỚI LÁ CỜ VẺ VANG CỦA ĐẢNG
HÀNH TRÌNH HY VỌNG
NHỊP SỐNG HÔM NAY
KÝ SỰ Sông đợi bến chờ
"PHIM TÀI LIỆU Phố Hội nức tiếng, cửa Hàn hôm nay"
PHIM TÀI LIỆU Tiếng vọng những trái tim
CẢI CÁCH HÀNH CHÍNH
HỌC CÙNG CON
CHƯƠNG TRÌNH TIẾNG K’HO
ENGLISH IN A MINUTE
TRUYỀN HÌNH CÔNG THƯƠNG
"PHÓNG SỰ Phòng ngừa tai nạn lao động, bệnh nghề nghiệp"
PHÓNG SỰ Đầu tư hạ tầng giao thông phát triển kinh tế vùng cao
PHÓNG SỰ Nâng cao chất lượng giáo dục vùng miền núi
TRUE CONCERT TÌNH ĐẤT
PHÓNG SỰ Nâng cao chất lượng phục vụ trải nghiệm di sản Huế
PHÓNG SỰ Giữ hồn then giữa địa ngàn
PHÓNG SỰ Cua biển Cà Mau - Bài toán tăng trưởng hai con số
PHIM TRUYỆN Trời cao nguyên xanh
PHÓNG SỰ Bình Liêu thức giấc
KINH TẾ SỐ
PHÓNG SỰ Giữ gìn văn hóa truyền thống trong dòng chảy hiện đại
TT MĂNG ĐEN - SẮC HỒNG GIỮA ĐẠI NGÀN
PHIM TRUYỆN Mùa ổi
PHIM TRUYỆN Khang Hy vi hành
"PHÓNG SỰ Kiểm soát quyền lực, chống tham nhũng, lãng phí, tiêu cực"
PHIM TÀI LIỆU Văn hóa - Sức mạnh mềm Việt Nam
THTT GIẢI BÓNG ĐÁ NỮ CÁC DÂN TỘC THIỂU SỐ CUP VTV TỈNH GIA LAI NĂM 2026
THTT NGÀY THƠ VIỆT NAM LẦN THỨ 24
SỔ TAY CÔNG NGHỆ
PHÓNG SỰ Nền tảng số - cầu nối chính quyền với người dân
PHIM TRUYỆN Nỗi buồn có mắt
PHÓNG SỰ Phát triển nuôi biển
TT FIFA WORLD CUP 2026 - VÒNG 1/8
THTT FIFA WORLD CUP 2026 - CHUNG KẾT
PHIM TRUYỆN Ngôi sao thất lạc
PHIM TRUYỆN Phố trong làng
PHIM TRUYỆN Phía sau nỗi đau
PHIM TRUYỆN Em là của em
PHIM TÀI LIỆU Qua cơn ác mộng
PHIM TRUYỆN Buông
PHIM TRUYỆN Đào Sen
TT XUÂN QUÊ HƯƠNG
THTT LỄ BẾ MẠC OLYMPIC MÙA ĐÔNG 2026
PHIM TÀI LIỆU Khi nghệ thuật cất tiếng
PHÓNG SỰ 50 năm bầu cử Quốc hội 1976
PHÓNG SỰ Kỳ vọng từ đất chín rồng
TT CÁC MÔN THI ĐẤU SEA GAMES 33
PHIM TRUYỆN Giây phút gặp em
CHƯƠNG TRÌNH TIẾNG CHĂM H'ROI
THTT LỄ KHAI MẠC GIẢI BÓNG CHUYỀN NỮ QUỐC TẾ - CÚP VTV9 BÌNH ĐIỀN 2026
PHIM TRUYỆN Miền chân sóng
PHIM TÀI LIỆU Người đàm phán
TT HÒA CA CÙNG DÂN TỘC
PHÓNG SỰ Mô hình nông nghiệp bền vững
THTT GIAO HỮU QUỐC TẾ 2026
PHIM TÀI LIỆU Tiếng khèn bản Chắn
PHIM TÀI LIỆU Nhà khoa học của những cuộc gặp gỡ
PHÓNG SỰ Nỗi đau và sự tha thứ
PHIM TÀI LIỆU Nắng lên trên miền ký ức
CÀ PHÊ TẾT
PHIM TÀI LIỆU An ninh hàng hải - Vấn đề quốc tế và chủ quyền
NHỊP ĐẬP THỂ THAO
CUỘC SỐNG PHƯƠNG XA
PHÓNG SỰ Vì dân
SỐNG KHỎE 4.0
VÌ CỘNG ĐỒNG
NĂNG ĐỘNG PHƯƠNG NAM
PHÓNG SỰ Thoát nghèo bằng ý chí
"PHIM TÀI LIỆU Công nghệ ""Tắc kè hoa"""
PHIM TÀI LIỆU Nữ Biệt động Sài Gòn - Khúc tráng ca bất tử
KIẾN THỨC CỘNG ĐỒNG
PHIM TRUYỆN Ngọt ngào bên em
TỎA SÁNG ĐAM MÊ
SỨC SỐNG NGHỊ QUYẾT
PHIM TÀI LIỆU Đà Nẵng - Trung tâm kinh tế biển Việt Nam
THỂ THAO
PHIM TÀI LIỆU Thiên nhiên Phong Nha Kẻ Bàng
CHƯƠNG TRÌNH TIẾNG THÁI
CHƯƠNG TRÌNH TIẾNG CHU RU
VĂN HÓA TÂY NGUYÊN
PHIM TÀI LIỆU Nếp gấp của tự do
THTT QUỐC HỘI NGHE BÁO CÁO VỀ TÌNH HÌNH KINH TẾ - XÃ HỘI
CHÀO BUỔI SÁNG
VIỆT NAM ĐA SẮC
SITCOM Lập trình trái tim
CẢM NHẬN VIỆT NAM
PHIM TRUYỆN Nhân duyên trời định
VIỆT NAM ƠI - MÌNH CÙNG ĐI
HIỂU ĐÚNG - SỐNG KHỎE
PHIM TRUYỆN Trường tương tư
KÝ SỰ Đắk Lắk - Đến là mê
PHIM TRUYỆN Mật mã nụ cười
GÓC NHÌN NGƯỜI TIÊU DÙNG
VÌ TRẺ EM
CHƯƠNG TRÌNH TIẾNG DAO
PHÓNG SỰ Lan tỏa sản phẩm từ làng nghề truyền thống
PHIM TRUYỆN Có lẽ anh yêu em
GÓC NHÌN
ÚM BA LA RA CHỮ GÌ?
KHÁM PHÁ KHOA HỌC
KẾT NỐI THỂ THAO
PHÓNG SỰ ERPA Bắc Trung Bộ - Khởi đầu phát triển carbon rừng bền vững
"PHIM TÀI LIỆU Hoàng Sa, Trường Sa - Lãnh thổ thiêng liêng của Việt Nam"
X-SHOW
PHÓNG SỰ Cua Cà Mau - hành trình vượt sóng vươn xa
ĐÁO XUÂN
ĐỘI CỨU HỘ BIỂN XANH
PHIM TÀI LIỆU Ông nội
PHÓNG SỰ Câu chuyện đầu ra cho quả sầu riêng
PHIM TÀI LIỆU Nuôi lại biển
TINH HOA NGHỀ VIỆT
PHÓNG SỰ Tưới nước tiết kiệm để thích ứng với nắng hạn
PHIM TRUYỆN Nữ bác sĩ tâm lý
PHÓNG SỰ Một năm vận hành chính quyền 2 cấp ở Lai Châu
PHIM TÀI LIỆU Trái tim vẫn tròn nhịp đập
PHIM TRUYỆN Hướng dương ngược nắng
"PHÓNG SỰ Lai Châu - Đánh thức tiềm năng, khơi nguồn cơ hội"
PHÓNG SỰ Giữ vững an ninh trật tự từ cơ sở
PHIM TRUYỆN Yêu không khoảng cách
PHIM TRUYỆN Nữ chủ
PHÓNG SỰ Nông dân trong kỉ nguyên mới
THTT XUÂN BIÊN PHÒNG ẤM LÒNG DÂN BẢN NĂM 2026
PHIM TRUYỆN Chuyện tình thôn Tè
ĐÓN TẾT CÙNG VTV
"PHÓNG SỰ Chọn người xứng đáng, gửi trọn niềm tin"
PHIM TRUYỆN Mẹ rơm
PHIM TRUYỆN Trầm vụn hương phai
PHIM TRUYỆN Cách em 1 milimet
PHIM TÀI LIỆU Hành trình đánh thức vẻ đẹp biên cương xanh
NHỮNG DÒNG CHẢY NGHỆ THUẬT
PHÓNG SỰ Gìn giữ bản sắc văn hóa của đại ngàn
PHÓNG SỰ Thúc đẩy huy động vốn khởi nghiệp trí tuệ nhân tạo
THTT KHAI MẠC ĐẠI HỘI ĐẠI BIỂU TOÀN QUỐC LẦN THỨ XIV CỦA ĐẢNG
THTT FIFA WORLD CUP 2026 - BÁN KẾT
GIẢI MÃ THỂ THAO
PHÓNG SỰ Ứng dụng công nghệ hướng đến chính quyền đô thị thông minh
ẨM THỰC ĐỘC ĐÁO
PHÓNG SỰ Phát huy vai trò BHXH trong chăm sóc sức khỏe
PHÓNG SỰ Sức hút suối cá thần Cẩm Lương
PHIM TÀI LIỆU Hương xuân
PHIM TRUYỆN Đời này có em
KÝ SỰ Con người và biển cả
PHÓNG SỰ EVNCPC thắp sáng niềm tin bằng lưới điện thông minh
PHIM TÀI LIỆU Những bí mật chưa khép lại của thời Apartheid
BÍ ẨN TỰ NHIÊN
PHIM TRUYỆN Hoa sữa về trong gió
TT GIẢI PICKLEBALL VTV CUP 2025
PHÓNG SỰ Phú Thọ - Tuyệt tác xanh giữa lòng đất Tổ
PHIM TRUYỆN Mình yêu nhau đi
PHIM TRUYỆN Mưa đỏ
"PHÓNG SỰ Chi bộ mạnh, bản làng phát triển bền vững"
PHIM TÀI LIỆU Hợp tác quốc tế trên biển đảo
PHIM TÀI LIỆU Hai người mẹ
PHIM TÀI LIỆU Không khoảng cách
PHÓNG SỰ Tp.Hồ Chí Minh chuẩn bị cho ngày hội non sông
PHÓNG SỰ Khánh Hòa đột phá nông nghiệp công nghệ cao
SÂN CỎ FIFA WORLD CUP 2026
PHÓNG SỰ Người giữ lửa điệu hát Xoan
HOA CÀI TRÊN LÁ CHẮN
PHÓNG SỰ Bắc Ninh phát triển du lịch gắn với bảo tồn di sản văn hóa
PHIM TRUYỆN Ngày gặp lại em
PHIM TRUYỆN Kỳ tích tình yêu
PHIM TÀI LIỆU Sứ mệnh vinh quang
TT ÂM VANG TỔ QUỐC
PHIM TRUYỆN Hẹn ước ngày xuân
PHIM TRUYỆN Tình và lý
KÝ SỰ Qua miền mây trắng ở Y Tý
ĐỐI DIỆN
"PHÓNG SỰ Đắk Lắk - Mở cửa tiềm năng, đón sóng đầu tư"
PHÓNG SỰ Bắc Ninh thúc đẩy du lịch làng nghề
PHIM TRUYỆN Hoa hồng trên ngực trái
CHƯƠNG TRÌNH TIẾNG CƠ TU
NHÌN TỪ HÀ NỘI
PHIM TRUYỆN Công thức hạnh phúc
S: FOR PEACE
PHIM TRUYỆN Vạn dặm nhân sinh
THTT LỄ TUYÊN THỆ NHẬM CHỨC CỦA CHÁNH ÁN TÒA ÁN NHÂN DÂN TỐI CAO
PHIM TRUYỆN Đại soái Mộc Quế Anh
PHÓNG SỰ Lá chắn vùng biên
PHÓNG SỰ Tạo việc làm nơi vùng khó khăn
PHIM TRUYỆN Vô cảm
SITCOM Món quà vô giá
PHÓNG SỰ Xóa nhà tạm - Thước đo của nền an sinh bền vững
DẤU ẤN 2025
THẾ HỆ VIỆT
PHIM TRUYỆN Gỡ bỏ mặt nạ
TT TRƯỜNG SƠN ĐÔNG GỌI TRƯỜNG SƠN TÂY: VIỆT - LÀO NGHĨA NẶNG TÌNH SÂU
KÝ SỰ Bến Tre - ký ức những bóng dừa
PHIM TÀI LIỆU Khoa học công nghệ biển - nghiên cứu và ứng dụng
PHIM TÀI LIỆU Những vùng văn hóa biển
PHÓNG SỰ Trên miền biên ải
FANZONE FIFA WORLD CUP 2026
PHIM TRUYỆN Sợi dây truyền định mệnh
PHIM TRUYỆN Y sinh bất thị thần
PHIM TRUYỆN Điều ước sao biển
XUÂN VỀ TRONG TRÁI TIM ĐỒNG BÀO
PHÓNG SỰ Nhịp đập công trình
"PHIM TRUYỆN Không ngại cưới, chỉ cần 1 lý do"
"PHIM TÀI LIỆU Ngời sáng phẩm chất ""Bộ đội cụ Hồ"" trên miền ""đất lửa"""
PHIM TRUYỆN Tình yêu và những vì sao của tôi
KÝ SỰ Giữ lửa văn hóa nơi bản nhỏ
PHIM TÀI LIỆU Băng qua những miền văn hóa
KÝ SỰ Qua vùng ven biển Tây
PHIM TÀI LIỆU Hạt vàng
THTT GIẢI BÓNG CHUYỀN NỮ QUỐC TẾ - CÚP VTV9 BÌNH ĐIỀN 2026
PHIM TÀI LIỆU Tôi rèn trên sóng
PHÓNG SỰ 50 năm ngày Tổng tuyển cử đầu tiên sắp xếp lại giang sơn
PHIM TÀI LIỆU Ngày hòa bình
THTT VÌ CỘNG ĐỒNG KHÔNG MA TÚY
PHIM TÀI LIỆU Sự kết tinh của lịch sử và tâm linh
PHIM TÀI LIỆU Nặng tình đồng đội
PHIM TÀI LIỆU Hồ Chí Minh - Người dẫn dắt dân tộc Việt Nam tới vinh quang thời đại
PHIM TÀI LIỆU Giao thông thông minh tại Hàn Quốc
RONG RUỔI ĐẤT PHƯƠNG NAM
PHÓNG SỰ Kinh tế hợp tác ở Điện Biên
PHÓNG SỰ Xứ trà vươn mình kỷ nguyên xanh
CHUYỆN BÁC BA PHI XƯA & NAY
TẾT CẢM ƠN
PHÓNG SỰ Quảng Trị thông qua ERPA dịch vụ môi trường rừng đạt nhiều hiệu quả
NHỮNG BÀN THẮNG TẠI FIFA WORLD CUP 2026
ĐƯỜNG TỚI NÔNG TRẠI
ĐI CÙNG CHÚNG TÔI
ẨM THỰC ĐƯỜNG PHỐ
CÙNG LĂN VÀO BẾP
THTT V.LEAGUE 2025/2026
HẢI QUAN VIỆT NAM
80 NĂM QUỐC HỘI VIỆT NAM
DIỄN ĐÀN 68
PHIM TÀI LIỆU Kẻ trộm Bitcoin
PHÓNG SỰ Đại diện ưu tú từ bản làng
CHUYẾN XE HẠT VỪNG
NGƯỜI ĐỨNG THẲNG
THỜI TIẾT
VÌ AN NINH TỔ QUỐC
TÌNH KHÚC VƯỢT THỜI GIAN
THTT BẾ MẠC KỲ HỌP THỨ NHẤT QUỐC HỘI KHÓA XVI
TRUNG QUỐC - MỘT GÓC NHÌN
KÝ SỰ Thiên nhiên Côn Đảo
BẢN TIN NÔNG NGHIỆP
MIỀN ĐẤT VÕ
SITCOM Má ơi tỉnh mộng
NHỮNG NGƯỜI CON CỦA LÀNG BẢN
"PHÓNG SỰ Lan tỏa những tấm gương người tốt, việc tốt"
KỸ NĂNG AN TOÀN CHO BÉ
PHIM TÀI LIỆU Ước mơ màu xanh
HÀNH TRÌNH SỐNG KHỎE
360 ĐỘ MIỀN TÂY
"PHIM TÀI LIỆU Thanh Hà - Bao Vinh, sắc màu huyền thoại"
PHIM TRUYỆN Chiều ngang qua phố cũ
ĐI ĐỂ LỚN LÊN
NHÂN TÀI ĐẠI VIỆT
PHIM TÀI LIỆU Quản lý tài nguyên biển - Vì tương lai xanh Việt Nam
"PHIM TÀI LIỆU Đời sống cư dân ven biển, tập quán sống và sinh kế"
"PHÓNG SỰ Tết sum vầy, Xuân ơn Đảng"
CÂU CHUYỆN NHÂN VẬT
SITCOM Sui gia ngõ hẹp
PHIM TRUYỆN Lời nói dối ngọt ngào
NHỮNG BÔNG HOA NHỎ - VƯỜN TWEEN
"PHÓNG SỰ Tp.Hồ Chí Minh chuyển đổi tăng trưởng, tạo đà bứt phá"
KHÁM PHÁ VIỆT NAM
GIỜ VÀNG THỂ THAO
KHÁM PHÁ
CƠ THỂ BẠN NÓI GÌ?
PHÓNG SỰ Một ngày ở xã Cẩm Tú
PHIM TRUYỆN Quý ngài lễ hội
PHÓNG SỰ Lùng Tám - Khu dân cư kiểu mẫu
PHIM TRUYỆN Ba ơi mẹ có về không
PHIM TRUYỆN Vì em anh yêu cả thế giới
PHIM TRUYỆN Học viện cảnh sát
TRẠM 18H
BƯỚC NHẢY MÙA XUÂN
PHIM TRUYỆN Món quà của cha
ATLAS
KÝ SỰ Hành trình di sản Óc Eo
SẮC MÀU THỂ THAO
PHIM TÀI LIỆU Tôi tin
GIA ĐÌNH HAHA
PHÓNG SỰ Người Vân Kiều thoát nghèo nhờ phát triển kinh tế bản địa
PHÓNG SỰ Sứ mệnh khẳng định chủ quyền
PHÓNG SỰ Hướng tới giai đoạn phát triển mới
PHIM TÀI LIỆU Thế trận mở cửa biển kinh điển
PHIM TÀI LIỆU Dòng nước không lối về
PHIM TÀI LIỆU Kinh tế tư nhân - động lực quan trọng
VTV CẦN THƠ KẾT NỐI
MV+
PHÓNG SỰ Khát vọng số
PHIM TRUYỆN Giữ mãi trong tim
PHIM TRUYỆN Chạm tay vào nỗi nhớ
"PHIM TÀI LIỆU Trao niềm tin, thắp khát vọng"
TT GIAO HỮU QUỐC TẾ 2026
SITCOM Cà phê tử tế
PHIM TRUYỆN Đêm đếm sao
PHIM TRUYỆN Nghiêng nghiêng dòng nước
PHIM TRUYỆN Thực tập sinh lớn tuổi
PHIM TRUYỆN Chàng khờ mất vợ
"PHÓNG SỰ Mô hình tăng trưởng mới tạo đột phá, thu hút đầu tư"
PHÓNG SỰ Tinh hoa ẩm thực xứ Thanh
TỌA ĐÀM TƯ VẤN SỨC KHỎE
PHÓNG SỰ Lễ hội Đền Hàn
"THTT HỘI NGHỊ TOÀN QUỐC NGHIÊN CỨU, HỌC TẬP, QUÁN TRIỆT VÀ TRIỂN KHAI THỰC HIỆN CÁC NGHỊ QUYẾT CỦA BỘ CHÍNH TRỊ"
PHIM TRUYỆN Bí mật nơi góc tối
"PHÓNG SỰ Trang phục của người Raglai, triết lý và nhân sinh quan của cộng đồng"
PHÓNG SỰ Tết đồng bào
PHIM TÀI LIỆU Lựa chọn của trái tim
PHIM TÀI LIỆU Người Việt xa xứ hướng về biển đảo quê hương
PHIM TRUYỆN Như Ý Phương Phi
PHIM TRUYỆN Hoa hồng giấy
PHIM TRUYỆN Gạo nếp gạo tẻ
PHÓNG SỰ Giữ gìn quá khứ nuôi dưỡng tương lai
PHIM TÀI LIỆU Phía sau những dòng tin
PHIM TÀI LIỆU Thống kê Việt Nam - nhịp đập thời đại
TT GIẢI CHẠY HÀNH TRÌNH THEO CHÂN BÁC - VÌ AN NINH TỔ QUỐC NĂM 2026
PHÓNG SỰ Từ nghị trường đến cuộc sống người dân
DOANH NGHIỆP CHÚC MỪNG NĂM MỚI
PHÓNG SỰ Những cánh chim Việt
TT GIẢI BÓNG ĐÁ NỮ CÁC DÂN TỘC THIỂU SỐ TỈNH QUẢNG NINH MỞ RỘNG NĂM 2025
TT FIFA WORLD CUP 2022
PHIM TÀI LIỆU Tướng về hưu và 1.000 căn nhà đồng đội
PHÓNG SỰ Hành trình từ ký ức nhân dân
THTT EO GIÓ - VŨ ĐIỆU BIỂN XANH
KIẾN TẠO TƯƠNG LAI SỐ
LỄ DÂNG HƯƠNG TƯỞNG NIỆM CÁC VUA HÙNG
KÝ SỰ Về Miệt Thứ
PHIM TÀI LIỆU Các kỳ Đại hội - Từ khó khăn đến những thắng lợi vĩ đại
THTT GIẢI QUẦN VỢT QUỐC TẾ ATP CHALLENGER 50
PHÓNG SỰ Tinh hoa xứ nắng
"PHIM TRUYỆN Xuân à, cưới nha"
PHIM TÀI LIỆU Đôi tay giữ gìn di sản
PHÓNG SỰ Tiếng tính tẩu hơi thở Mường Thanh
PHIM TÀI LIỆU Biển gọi
THTT LỄ KHAI MẠC FIFA WORLD CUP 2026 - MEXICO
THTT LỄ RA MẮT KÊNH THỂ THAO VTV6
TT DIỄN ĐÀN XÚC TIẾN ĐẦU TƯ TẠI HÀN QUỐC
CHUYỂN ĐỘNG CUỐI NGÀY
PHIM TÀI LIỆU Thi hành án dân sự Tp.HCM - Đồng hành cùng sự phát triển của thành phố
BẢN TIN THỂ THAO
PHIM TRUYỆN Ván cờ danh vọng
ENGLISH BY STORIES
CHUYỆN NHÀ THỜI NAY
PHÓNG SỰ Bạch Long Vĩ - Đảo quê hương
PHIM TRUYỆN Ngược đường ngược nắng
CHƯƠNG TRÌNH TIẾNG JRAI
JUMPING WITH TOEIC
PHIM TÀI LIỆU Việt Nam trong hành trình chuyển đổi số
THỜI SỰ 19H
IELTS FACE OFF
NHÀ NÔNG VÀ CÔNG NGHỆ
KHÁT VỌNG SỐNG
THƯƠNG NHỚ MIỀN TÂY
NÚI SÔNG BỜ CÕI
PHÚT GIÂY THƯ GIÃN
PHIM TÀI LIỆU Sự thật về Mukbang
V FEST - THANH XUÂN RỰC RỠ
PHIM TRUYỆN Gia đình là số 1
SITCOM Vợ tôi là số 1
"XÂY DỰNG, CHỈNH ĐỐN ĐẢNG"
PHIM TRUYỆN Những nẻo đường gần xa
PHÓNG SỰ Xanh hóa theo chuỗi - Chìa khóa để nông nghiệp vươn xa
PHÓNG SỰ Lời giải cho bài toán khó
TT CẦU TRUYỀN HÌNH: HAI TAY XÂY DỰNG MỘT SƠN HÀ
PHIM TRUYỆN Cô gái bé nhỏ
KIẾN TẠO TƯƠNG LAI XANH
KÝ SỰ Đất lành
TOÀN CẢNH THẾ GIỚI
MỘT VÒNG VIỆT NAM
GIẢI MÃ CUỘC SỐNG
SÁCH HAY THAY ĐỔI CUỘC ĐỜI
TIN NHANH THỂ THAO
VÙNG BIÊN NGÀY MỚI
NÔNG THÔN MỚI
"KỶ NGUYÊN MỚI, VẬN HỘI MỚI"
CHƯƠNG TRÌNH VỀ SỨC KHOẺ
PHÓNG SỰ Đa dạng hình thức tuyên truyền bầu cử
THƯƠNG HIỆU QUỐC GIA VIỆT NAM
HỒ SƠ CÔNG TỐ - KIỂM SÁT
PHIM TÀI LIỆU Khi biển thắp lửa
PHÓNG SỰ Khám phá vùng biên giới Tây Bắc xứ Thanh
PHIM TRUYỆN Đừng làm mẹ cáu
PHIM TRUYỆN Tương lai rộng mở
TT BÓNG CHUYỀN NỮ VTV CUP 2025
NGHIÊN CỨU VÀ ỨNG DỤNG
PHIM TRUYỆN Đường tới đích
VÌ MỘT VIỆT NAM BỀN VỮNG
PHIM TÀI LIỆU Những người truyền lửa từ sân cỏ
PHÓNG SỰ Thích ứng linh hoạt với thiên nhiên
PHIM TÀI LIỆU Đi trên con đường sáng
VTV SPORTS NEWS
PHIM TRUYỆN Cuộc hôn nhân hoàn hảo
VTV ĐẶC BIỆT Cuộc đọ sức của ý chí
PHÓNG SỰ Thanh Hóa điểm đến du lịch xanh
PHÓNG SỰ Thách thức và cơ hội
PHIM TÀI LIỆU Hồ Chí Minh - Theo dấu chân Người
PHÓNG SỰ Công nghệ số trong công tác khuyến nông
ĐẢNG TRONG KỶ NGUYÊN MỚI
PHÓNG SỰ Khám phá du lịch sinh thái cộng đồng bản Năng Cát
PHÓNG SỰ Phát triển kinh tế dưới tán rừng
VIỆT NAM - ĐẾN VÀ YÊU
PHIM TRUYỆN Thiên thần bóng tối
THTT XUÂN CHIẾN SĨ NĂM 2026: ÂM VANG ĐẠI NGÀN - ẤM TÌNH QUÂN DÂN
PHIM TÀI LIỆU Dấu mốc mở ra kỷ nguyên mới của dân tộc
CHẤT VIỆT
SITCOM Hoa núi
PHIM TRUYỆN Đất trời sánh đôi
PHIM TÀI LIỆU Tư duy mới - Cách làm đột phá
PHIM TRUYỆN Mỉm cười với cuộc sống
PHIM HOẠT HÌNH Chuyện cổ tích
"PHIM TÀI LIỆU Hồ Tùng Mậu - Trọn đời vì Đảng, vì dân"
PHIM TRUYỆN Thanh Mai Trúc Mã
PHÓNG SỰ Duy trì sản xuất chuỗi trong nông nghiệp
THTT FIFA WORLD CUP 2026 - FINAL HALFTIME SHOW
PHIM TRUYỆN Nụ cười của nắng
PHIM TÀI LIỆU Giữa hai dòng chảy
PHIM TRUYỆN Bến mãi đợi đò
PHIM TÀI LIỆU 80 năm Sứ mệnh vinh quang
BẠN HỎI - BÁC SĨ TRẢ LỜI
THUẬN VỢ THUẬN CHỒNG
PHIM TÀI LIỆU 60 năm ngành Nội chính Đảng
PHÓNG SỰ Giữ vàng sau mùa gặt
PHÓNG SỰ Thanh Hóa - Vùng đất của những di sản
MV TẾT CỘNG NỤ CƯỜI
GIAO LƯU NGHỆ THUẬT
PHÓNG SỰ Những trái tim nghị lực
DƯỚI LÁ CỜ VẺ VANG CỦA ĐẢNG
XÚNG XÍNH ĐÓN XUÂN
PHIM TÀI LIỆU Những kẻ khổng lồ của biển Việt
"PHIM TÀI LIỆU Khi công an là ""điểm tựa"" của doanh nghiệp"
PHÓNG SỰ Nỗ lực bảo tồn di tích
PHIM TÀI LIỆU Giữa vòng vây quân thù
PHIM TÀI LIỆU Trước giờ toàn thắng
PHÓNG SỰ Tp. Huế - Hành trình chuyển đổi số và kiến tạo đô thị thông minh
THTT MÃI MÃI NIỀM TIN THEO ĐẢNG
THTT LỄ KHAI MẠC OLYMPIC MÙA ĐÔNG 2026
PHIM TRUYỆN Tứ trụ vương
PHÓNG SỰ Khám phá đền Bà Triệu
KÝ SỰ Thương Hồ
THTT FIFA WORLD CUP 2026 - VÒNG BẢNG
TINH HOA VÕ THUẬT
PHIM TRUYỆN Mật mã bí ẩn
CHÍNH QUYỀN 2 CẤP - DẤU ẤN LỊCH SỬ
PHIM TÀI LIỆU Một năm mạch số chuyển mình
TÔI CHỌN VIỆT NAM
BẢN TIN DẤU ẤN ĐẠI HỘI XIV
TÂM CHẤN TRUNG ĐÔNG
PHÓNG SỰ Bản làng thức giấc
PHIM TÀI LIỆU Hành trình của những giá trị sống
THẾ GIỚI KỲ DIỆU CỦA CHỊ BOOL BOOL
VÌ NHÂN DÂN QUÊN MÌNH
TƯ VẤN TUYỂN SINH
PHIM TRUYỆN Hậu Cung Như Ý truyện
PHIM TÀI LIỆU Cánh quân thứ 6
VUI CÙNG TIẾNG VIỆT
KÝ SỰ Sắc màu Việt Nam
PHIM TRUYỆN Truyền thuyết ngàn năm
PHIM TÀI LIỆU Thiên tai 2025 - Không để ai bị bỏ lại phía sau
CUỘC SỐNG SỐ
TT BẢN HÙNG CA TRÊN SÔNG
THTT ĐẤT NƯỚC HÔM NAY
SẮC MÀU VĂN HÓA CÁC DÂN TỘC
TÌNH CA BẤT HỦ
TT AFC FUTSAL ASIAN CUP INDONESIA 2026
CHỐNG GIAN LẬN - BẢO VỆ NGƯỜI DÙNG
GÌ THẾ NHỈ
PHIM TRUYỆN Nhẫn Đông và Tường Vi
PHIM TRUYỆN Quý cô xinh đẹp
PHÓNG SỰ 80 năm trong dòng chảy đoàn kết dân tộc
VIETNAM 360
SITCOM Đàn ông sau 5 giờ
TUỔI CAO GƯƠNG SÁNG
QUYẾN RŨ VIỆT NAM
KỶ NIỆM THANH XUÂN
CÂU CHUYỆN TỪ CUỘC SỐNG
PHỐ TÀI CHÍNH
SAO CHECK
PHIM TÀI LIỆU Cuộc cách mạng hai cấp
PHIM TRUYỆN Thư sinh bóng đêm
PHIM TÀI LIỆU Sức bật 68
PHIM TÀI LIỆU Dòng chảy văn hóa biển
PHÓNG SỰ Động lực mới
QUỐC HỘI VỚI CỬ TRI
CHUYỆN KỂ CỦA NHỮNG CHÚ CỪU
GIẢI PHẪU CƠ THỂ
THTT CÁC MÔN THI ĐẤU OLYMPIC MÙA ĐÔNG 2026
MẠCH NGUỒN BẤT TẬN
PHIM TÀI LIỆU Neo giữ hồn sông
HIỂU SÂU - SỐNG CHẤT
PHIM TRUYỆN Thanh xuân có bạn
CÔNG DÂN SỐ
VỀ ĐẤT PHƯƠNG NAM
TT BÓNG ĐÁ NAM SEA GAMES 33
PHÓNG SỰ Về miền di sản
PHIM TRUYỆN Vòng tròn định mệnh
CHUYỂN ĐỘNG HÔM NAY
PHÓNG SỰ Tinh túy ẩm thực gỏi cá Nhệch
THTT HỢP TÁC XÃ VIỆT NAM - 80 NĂM ĐỒNG HÀNH CÙNG ĐẤT NƯỚC
PHIM TÀI LIỆU Lá chắn thép giữ vững chủ quyền số quốc gia
PHIM TÀI LIỆU Người giữ lửa bình yên
PHÓNG SỰ Phát triển làng nghề gắn với phát triển du lịch biển
HÀNH TRÌNH CỦA NHỮNG ĐÔI CHÂN
PHIM TRUYỆN Khi vợ là hoa hậu
PHÓNG SỰ Thủ phủ công nghiệp 4.0
PHIM TÀI LIỆU Cửa ngõ đại dương của Việt Nam
THTT SÁNG MÃI NIỀM TIN
PHÁT BIỂU CỦA ĐẠI SỨ
PHÓNG SỰ Tp.Hồ Chí Minh - Động lực chuyển đổi mô hình tăng trưởng
PHIM TRUYỆN Ấm áp và ngọt ngào
SITCOM Nhạc phụ lắm chiêu
PHÓNG SỰ Mở đường cho nông sản Việt vào CPTPP
KHÔNG BAO GIỜ LÀ QUÁ MUỘN
PHÓNG SỰ Tp. Hồ Chí Minh tái định vị bản đồ du lịch
PHIM TRUYỆN Yêu hơn cả bầu trời
HOA XUÂN KỲ TÍCH
PHIM TRUYỆN Hoàng đế ăn mày
PHIM TRUYỆN Nơi ẩn nấp bình yên
THTT LỄ TRAO GIẢI OSCARS LẦN THỨ 98
PHÓNG SỰ Khám phá du lịch cộng đồng xã Yên Thắng
KHAI MẠC LIÊN HOAN PHIM CHÂU Á ĐÀ NẴNG LẦN THỨ IV
PHÓNG SỰ Bảo tồn và phát huy bản sắc văn hóa trong giai đoạn mới
PHIM TÀI LIỆU Trong lửa đạn và bóng tối
PHIM TÀI LIỆU Sức mạnh truyền thông trong công cuộc phát triển đất nước
VTV ĐẶC BIỆT Tình báo Quốc phòng Việt Nam - Bản hùng ca 80 năm
PHIM TRUYỆN Trở lại tuổi 20
PHÓNG SỰ Xuân ấm từ lòng dân
THTT GIẢI BÓNG ĐÁ THANH NIÊN SINH VIÊN VIỆT NAM 2026
PHÓNG SỰ Phát triển du lịch sức khỏe từ di sản
PHÓNG SỰ Hiệu quả chính quyền địa phương 2 cấp nơi vùng biên
PHÓNG SỰ Đà Nẵng - Cực tăng trưởng và điểm đến công nghệ
PHÓNG SỰ Ngọn lửa Việt giữa miền tuyết trắng
PHIM TÀI LIỆU Cạn kiệt nguồn nước
PHIM TÀI LIỆU Ngoại giao cây tre - Bản lĩnh và nhân văn
PHÓNG SỰ Triển khai VNeTraffic và tích hợp VNeID trong xử lý vi phạm
PHÓNG SỰ Sức mạnh lá phiếu trong kỷ nguyên vươn mình
"PHIM TÀI LIỆU C500 - 80 năm hành trình vinh quang, khát vọng phát triển"
"PHÓNG SỰ Từ ""5 không"" đến ""5 có"""
PHÓNG SỰ BSR nghiên cứu sản xuất nguyên liệu đặc chủng
PHIM TRUYỆN Trả giá
NÔNG DÂN SỐ
PHÓNG SỰ Ươm mầm tương lai
24H ONLINE
PHIM TÀI LIỆU Báo chí và mầm mống cách mạng
PHIM TRUYỆN Ngôi sao thất lạc
MÀU CỜ TÔI YÊU
AI THỰC CHIẾN
CHẤT LƯỢNG CUỘC SỐNG
PHÓNG SỰ Nỗi đau và sự tha thứ
CẢI CÁCH HÀNH CHÍNH
HỌC CÙNG CON
PHIM TÀI LIỆU Nắng lên trên miền ký ức
PHIM TÀI LIỆU Tiếng vọng những trái tim
PHIM TRUYỆN Khang Hy vi hành
NHỊP SỐNG HÔM NAY
HÀNH TRÌNH HY VỌNG
"PHIM TÀI LIỆU Phố Hội nức tiếng, cửa Hàn hôm nay"
CHƯƠNG TRÌNH TIẾNG K’HO
ENGLISH IN A MINUTE
TRUYỀN HÌNH CÔNG THƯƠNG
"PHÓNG SỰ Phòng ngừa tai nạn lao động, bệnh nghề nghiệp"
PHIM TÀI LIỆU Khi nghệ thuật cất tiếng
CẶP LÁ YÊU THƯƠNG
KINH TẾ SỐ
PHÓNG SỰ Giữ gìn văn hóa truyền thống trong dòng chảy hiện đại
TT MĂNG ĐEN - SẮC HỒNG GIỮA ĐẠI NGÀN
CÀ PHÊ TẾT
KÝ SỰ Sống nơi cửa sông
CHÉM GIÓ - GIÓ CHÉM
VÕ THUẬT TỔNG HỢP MMA
VÌ BÌNH YÊN CUỘC SỐNG
PHIM TÀI LIỆU An ninh hàng hải - Vấn đề quốc tế và chủ quyền
TỔ QUỐC TRONG TIM
SITCOM Hạnh phúc có thật
BẠN LÀ HÌNH GÌ
PHIM TRUYỆN Ước mình cùng bay
SITCOM Tiếu lâm du ký
AI LÀ TRIỆU PHÚ
PHIM TRUYỆN Buông
PHIM TÀI LIỆU Qua cơn ác mộng
PHIM TRUYỆN Phía sau nỗi đau
PHIM TRUYỆN Phố trong làng
"PHÓNG SỰ Kiểm soát quyền lực, chống tham nhũng, lãng phí, tiêu cực"
PHÓNG SỰ Bình Liêu thức giấc
PHIM TRUYỆN Mùa ổi
PHIM TÀI LIỆU Văn hóa - Sức mạnh mềm Việt Nam
PHIM TÀI LIỆU Đôi chân của Khải
PHIM TÀI LIỆU Những vương quốc ngầm
THTT GIẢI BÓNG ĐÁ NỮ CÁC DÂN TỘC THIỂU SỐ CUP VTV TỈNH GIA LAI NĂM 2026
THTT NGÀY THƠ VIỆT NAM LẦN THỨ 24
SỔ TAY CÔNG NGHỆ
PHÓNG SỰ Nền tảng số - cầu nối chính quyền với người dân
PHIM TRUYỆN Nỗi buồn có mắt
PHÓNG SỰ Phát triển nuôi biển
TT FIFA WORLD CUP 2026 - VÒNG 1/8
THTT FIFA WORLD CUP 2026 - CHUNG KẾT
PHIM TÀI LIỆU Văn hóa Việt - những giá trị nguồn cội
PHIM TRUYỆN Thiên thịnh trường ca
PHÓNG SỰ Giải Pickleball Bộ Y tế - VTV8: Lan tỏa tinh thần thể thao
PHÓNG SỰ Nâng tầm giá trị tài nguyên bản địa
PHIM TRUYỆN Phía bên kia thành phố
BẤT ĐỘNG SẢN AN TOÀN
PHIM TRUYỆN Mùa cưới
THTT DƯỚI LÁ CỜ VẺ VANG CỦA ĐẢNG
KÝ SỰ Sông đợi bến chờ
PHÓNG SỰ Đầu tư hạ tầng giao thông phát triển kinh tế vùng cao
PHÓNG SỰ Nâng cao chất lượng giáo dục vùng miền núi
TRUE CONCERT TÌNH ĐẤT
PHÓNG SỰ Nâng cao chất lượng phục vụ trải nghiệm di sản Huế
PHÓNG SỰ Giữ hồn then giữa địa ngàn
PHÓNG SỰ Cua biển Cà Mau - Bài toán tăng trưởng hai con số
PHIM TRUYỆN Trời cao nguyên xanh
PHIM TRUYỆN Em là của em
PHIM TRUYỆN Đào Sen
TT XUÂN QUÊ HƯƠNG
THTT LỄ BẾ MẠC OLYMPIC MÙA ĐÔNG 2026
PHÓNG SỰ 50 năm bầu cử Quốc hội 1976
PHÓNG SỰ Kỳ vọng từ đất chín rồng
PHIM TRUYỆN Giây phút gặp em
CHƯƠNG TRÌNH TIẾNG CHĂM H'ROI
TT CÁC MÔN THI ĐẤU SEA GAMES 33
PHIM TRUYỆN Miền chân sóng
PHIM TÀI LIỆU Người đàm phán
TT HÒA CA CÙNG DÂN TỘC
PHÓNG SỰ Mô hình nông nghiệp bền vững
THTT GIAO HỮU QUỐC TẾ 2026
PHIM TÀI LIỆU Tiếng khèn bản Chắn
PHIM TÀI LIỆU Nhà khoa học của những cuộc gặp gỡ
THTT LỄ KHAI MẠC GIẢI BÓNG CHUYỀN NỮ QUỐC TẾ - CÚP VTV9 BÌNH ĐIỀN 2026
"LÀNG CƯỜI, CƯỜI CẢ LÀNG"
PHIM TRUYỆN Huyết thù
PHÓNG SỰ Hành trình đưa thổ cẩm Việt ra thế giới
TRẠM YÊU THƯƠNG
Ú ÒA
PHIM TRUYỆN Yêu chồng bạn thân
LAO ĐỘNG VÀ CÔNG ĐOÀN
PHIM TÀI LIỆU Dòng sông vẫn chảy
360 ĐỘ KHỎE ĐẸP
SÁNG PHƯƠNG NAM
TOÀN DÂN CHỐNG LỪA ĐẢO
PHIM TÀI LIỆU 100 năm báo chí cách mạng Việt Nam
NGÀN NĂM ÂM ĐIỆU
10 PHÚT KHOA HỌC
SỰ LỰA CHỌN
GIAO HƯỞNG THÍNH PHÒNG
PHÓNG SỰ Thanh Hóa điểm đến hấp dẫn trong các kỳ nghỉ lễ
QUỐC PHÒNG TOÀN DÂN QK9
VẦNG TRĂNG CỦA EM
PHIM TÀI LIỆU Nơi rẻo cao vào mùa no ấm
CHƯƠNG TRÌNH TIẾNG MƯỜNG
KIẾN THỨC VÀ CUỘC SỐNG
PHIM TRUYỆN Nắng khuya
PHÓNG SỰ Sát cánh cùng nhân dân
SỨC KHỎE & SẮC ĐẸP QUÝ HƠN VÀNG
GÓC ĐỒNG HÀNH
GIA ĐÌNH VUI VẺ
HỘP TÀI SẢN
KHẾ ƯỚC THỜI GIAN
PHIM TÀI LIỆU Huyền thoại về đội thuyền 128 - Giao thông tình báo đường thủy
PHÓNG SỰ Vị thế mới cho gạo Việt
"PHIM TÀI LIỆU Tài nguyên biển - Dầu khí, khoáng sản, hải sản của Việt Nam"
THTT GIẢI BÓNG ĐÁ THANH NIÊN SINH VIÊN QUỐC TẾ 2026
NHẬT KÝ NGƯỜI VIỆT
SÀN ĐẤU NGÔI SAO
SỐNG AN TOÀN
THANH ÂM TỪ ĐẤT VIỆT
PHÓNG SỰ Phòng cháy mùa khô - Không thể lơ là
THTT GIẢI PICKLEBALL VTV CẦN THƠ 2026 - CÚP NAM LONG
PHÓNG SỰ Gia Lai trong ngày hội của non sông
PHÓNG SỰ Thanh Hóa và những di sản nổi tiếng không thể bỏ lỡ
PHÓNG SỰ Xuân nơi đầu sóng
PHIM TRUYỆN Lưu công kỳ án
PHIM TRUYỆN Thiên cơ thập nhị cung
PHIM TRUYỆN Vũ Canh Kỷ
TT HỒ CHÍ MINH - HÀNH TRÌNH KHÁT VỌNG 2025
PHÓNG SỰ Tp. Hồ Chí Minh đối diện sụt lún
PHÓNG SỰ Luân chuyển - Cầu nối phát triển
PHÓNG SỰ Bóng ma tiền ảo
THTT LỄ HỘI HOA LƯ NĂM 2026
PHÓNG SỰ Kỷ vật ngày toàn thắng
PHIM TÀI LIỆU Cuộc chiến chống buôn người
PHIM TRUYỆN Sứ mệnh vẫy gọi
PHÓNG SỰ Đưa văn hóa Tây Nguyên lên trên không gian số
PHÓNG SỰ Phạt nguội - Mắt thần trên mỗi nẻo đường
THTT GALA CẶP LÁ YÊU THƯƠNG 2026
PHIM TÀI LIỆU Hải quân Nhân dân Việt Nam - Hành trình giữ biển
PHIM TÀI LIỆU Biển đảo Việt Nam - Trầm tích và lịch sử
THTT GIẢI CHẠY BUÔN MA THUỘT ROBUSTA HALF MARATHON VTV8 2026
CẢM HỨNG FIFA WORLD CUP 2026
PHIM TRUYỆN Hắc kim phong bạo
PHIM TÀI LIỆU Tiếng nói của lương tri
PHIM TRUYỆN Cầu vồng ở phía chân trời
PHÓNG SỰ 80 năm Cảnh sát giao thông Việt Nam - Những chặng đường vinh quang
PHÓNG SỰ Mùa vàng Pù Luông
PHÓNG SỰ Nét đẹp văn hóa miền Tây xứ Thanh
BÌNH LUẬN GIAO HỮU QUỐC TẾ 2026
THTT DIỄN ĐÀN XÚC TIẾN ĐẦU TƯ TẠI HÀN QUỐC
PHÓNG SỰ Chuyện của Sùng Thị Sơ
RA ĐI GIỮ TRỌN LỜI THỀ THỐNG NHẤT
PHÓNG SỰ Siết chặt IUU - Quyết tâm gỡ thẻ vàng
PHÓNG SỰ Quy hoạch xuất phát từ thực tế
PHÓNG SỰ Niềm tin mới - Khát vọng mới
PHIM TÀI LIỆU Lòng người miền Tây với Bác Hồ
TẾT RỘN RÀNG KHẮP NƠI - THEO BƯỚC MÙA XUÂN
PHÓNG SỰ Cuộc sống mới trên quê hương cách mạng
PHIM TRUYỆN Tiệm cầm đồ nhân ái
TT FIFA WORLD CUP 2026 - HẠNG BA
MẢNH GHÉP HOÀN HẢO
NHỊP SỐNG CỘNG ĐỒNG
24 GIỜ NÓI THẬT
PHÓNG SỰ Giảm áp lực cho ngành hàng cá tra
PHIM TRUYỆN Trạm cứu hộ trái tim
PHÓNG SỰ Phụ phẩm nông nghiệp - Nguồn tài nguyên mới của kinh tế xanh
PHIM TRUYỆN Nữ xế
TRẠM ĐA SẮC
PHIM TRUYỆN Đi đến nơi có gió
5 TỪ MỚI TIẾNG ANH MỖI NGÀY
PHIM TRUYỆN Tình yêu không hẹn trước
CHƯƠNG TRÌNH TIẾNG Ê ĐÊ
ALO DOCTOR
VĂN HÓA - THỂ THAO CAND
GIÓ CUỐN MÂY TRÔI
TRƯỜNG TEEN
CHƯƠNG TRÌNH TIẾNG HÀ NHÌ
VTV - NHỮNG GIAI ĐIỆU ĐẸP
PHIM TÀI LIỆU Bản sắc Việt trên trường quốc tế
TRƯỚC CT TÀI CHÍNH - KINH DOANH
KHÁCH SẠN 5 SAO
AN TOÀN GIAO THÔNG
VÌ MÔI TRƯỜNG BỀN VỮNG
CẢ NHÀ CÙNG VUI
CHO NGÀY HOÀN HẢO
CUỐI TUẦN KỂ CHUYỆN
BỘ BA TRANH TÀI
PHIM TRUYỆN Tình yêu và tham vọng
KÝ SỰ Xuôi những dòng kênh miền Tây
VTV SỐNG KHỎE
BÂY GIỜ VÀ Ở ĐÂY
HẠNH PHÚC LÀ GÌ?
GIAI ĐIỆU VIỆT NAM
THTT LỄ TRAO GIẢI CUỘC THI AI THỰC CHIẾN 2025
PHIM TRUYỆN Đứa em thừa kế
PHÓNG SỰ Đổi thay ở xã đảo Minh Châu
PHIM TRUYỆN Lỡ hẹn với ngày xanh
PHIM TRUYỆN Tết này em nổi tiếng
MIỀN TÂY HÔM NAY
DU LỊCH VIỆT NAM
SỨC SỐNG THỂ THAO
VÒNG XOAY LỐC XOÁY
GALA VIỆC TỬ TẾ
PHIM TRUYỆN Cuộc đời vẫn đẹp sao
PHIM TRUYỆN Những con búp bê
CẤT CÁNH
GIẢI MÃ SỨC KHỎE
CHÔM CHÔM VÀ NHỮNG NGƯỜI BẠN
VTV5 TÂY NAM BỘ KẾT NỐI
PHIM TRUYỆN Mỹ nhân Sài Thành
PHIM TRUYỆN Hợp đồng từ thượng đế
MIỀN VIỆT
PHIM TRUYỆN Biển đời giông tố
PHIM TRUYỆN Khoảng cách
BÌNH LUẬN FIFA WORLD CUP 2026
PHIM TÀI LIỆU Khát vọng mở lối
CHƯƠNG TRÌNH THIẾU NHI
PHIM TRUYỆN Cảm ơn bác sĩ
PHIM TRUYỆN Nước mắt chảy ngược
PHIM TÀI LIỆU Tổng Bí thư Hà Huy Tập
PHIM TRUYỆN Gia đình trái dấu
PHÓNG SỰ Hành trình ngược bản Nà Đang
PHÓNG SỰ Bình yên dưới mái chùa
PHÓNG SỰ Tp. Huế phát triển rừng gỗ lớn có chứng chỉ
PHIM TÀI LIỆU Niềm tin
PHIM TRUYỆN Người giàu cũng khóc
PHIM TÀI LIỆU Dưới mái nhà yêu thương
PHIM TÀI LIỆU Sức mạnh gấu trúc
THTT CẦU TRUYỀN HÌNH: HAI TAY XÂY DỰNG MỘT SƠN HÀ
PHÓNG SỰ Tên cho em
PHIM TÀI LIỆU Giờ làm việc
PHIM TRUYỆN Em biết em yêu anh
PHÓNG SỰ Gieo mầm xanh nơi bão lũ đi qua
PHIM TÀI LIỆU Từ Thăng Long đến Phố Hiến - Con đường ra biển lớn
PHÓNG SỰ Mái trường vùng biên
PHIM TÀI LIỆU Về nhà
THTT LỄ TRAO GIẢI THƯỞNG SÁCH QUỐC GIA LẦN THỨ VIII
PHÓNG SỰ Niềm tin của cử tri vùng đồng bào dân tộc
THTT KHAI MẠC FESTIVAL BIỂN KHÁNH HÒA NĂM 2026
PHÓNG SỰ Bảo vệ nền tảng tư tưởng của Đảng trong kỷ nguyên mới
KÝ SỰ U Minh mùa sa mưa
PHÓNG SỰ Nghị quyết 57 - Đòn bẩy số cho vùng cao
PHÓNG SỰ Cây dược liệu mở hướng làm giàu
PHIM TRUYỆN Gió ngang khoảng trời xanh
PHÓNG SỰ Phượng Dực - Làng livestream ngàn tỉ
PHIM TRUYỆN Tận hiến
ĐỘC BẢN DUO
THTT GIẢI CHẠY S-RACE 2026 TẠI CÀ MAU
PHÓNG SỰ Tăng cường đảm bảo an toàn giao thông đường sắt
PHÓNG SỰ Ngành lúa gạo và nút thắt tín dụng
TỔ QUỐC NHÌN TỪ BIỂN
PHIM TRUYỆN Những người phụ nữ bé nhỏ
PHÓNG SỰ Người Việt Nam ở Venezuela đón Tết cổ truyền
PHÓNG SỰ Hồi sinh cuộc đời mới
PHÓNG SỰ Du lịch cộng đồng gắn với làng nghề bền vững
SITCOM 54 sắc màu 1 trái tim
PHÓNG SỰ Người Việt tại Nhật Bản - khát vọng vươn lên
SÂN KHẤU HÀI
TT GALA ÁNH SÁNG TRI THỨC
THTT BÓNG ĐÁ AFC U23 ASIAN CUP 2026
CHẠM CẢM XÚC
THTT LỄ TUYÊN DƯƠNG BÍ THƯ CHI BỘ XUẤT SẮC VÀ TRAO GIẢI BÚA LIỀM VÀNG LẦN THỨ X
THƠ XUÂN QUÁN
PHIM TRUYỆN Muôn nẻo cười haha
PHIM TRUYỆN Người du hành
PHIM TÀI LIỆU Điều ba chưa nói
PHIM TÀI LIỆU Ngược dòng
THTT HỘI NGHỊ TOÀN QUỐC TRIỂN KHAI THỰC HIỆN NGHỊ QUYẾT VỀ PHÁT TRIỂN KINH TẾ CÓ VỐN ĐẦU TƯ NƯỚC NGOÀI
TT FIFA WORLD CUP 2026 - BÁN KẾT
PHÓNG SỰ Trách nhiệm trước cử tri
PHIM TÀI LIỆU Khẳng định vai trò trụ cột
PHIM TÀI LIỆU Chiến lược dữ liệu quốc gia
PHÓNG SỰ Tín ngưỡng nông nghiệp của người Thái
PHÓNG SỰ Tp.Hồ Chí Minh - Trung tâm đổi mới sáng tạo khu vực
PHIM TRUYỆN Tình ký song sinh
"THTT HỘI NGHỊ TOÀN QUỐC NGHIÊN CỨU, HỌC TẬP, QUÁN TRIỆT VÀ TRIỂN KHAI THỰC HIỆN NGHỊ QUYẾT ĐẠI HỘI XIV CỦA ĐẢNG"
PHIM TRUYỆN Sếp lớn muốn cưới tôi
PHÓNG SỰ Đồng hành ngư dân đảo xa
TT NGÀY HỘI VĂN HÓA DÂN TỘC CHĂM LẦN THỨ VI
PHIM TRUYỆN Đừng làm mẹ cáu
HỒ SƠ CÔNG TỐ - KIỂM SÁT
PHIM TRUYỆN Ngược đường ngược nắng
CHƯƠNG TRÌNH TIẾNG JRAI
JUMPING WITH TOEIC
PHIM TRUYỆN Tương lai rộng mở
THỜI SỰ 19H
KHÁT VỌNG SỐNG
IELTS FACE OFF
NHÀ NÔNG VÀ CÔNG NGHỆ
PHIM TRUYỆN Mật mã bí ẩn
CHÍNH QUYỀN 2 CẤP - DẤU ẤN LỊCH SỬ
PHIM TÀI LIỆU Một năm mạch số chuyển mình
PHÓNG SỰ Những trái tim nghị lực
DƯỚI LÁ CỜ VẺ VANG CỦA ĐẢNG
GIAO LƯU NGHỆ THUẬT
BẢN TIN THỂ THAO
CHUYỆN NHÀ THỜI NAY
ENGLISH BY STORIES
PHIM TRUYỆN Ván cờ danh vọng
PHÓNG SỰ Khám phá đền Bà Triệu
PHIM TÀI LIỆU Đi trên con đường sáng
PHÓNG SỰ Bạch Long Vĩ - Đảo quê hương
THƯƠNG NHỚ MIỀN TÂY
NÚI SÔNG BỜ CÕI
TÔI CHỌN VIỆT NAM
PHÚT GIÂY THƯ GIÃN
BẢN TIN DẤU ẤN ĐẠI HỘI XIV
PHIM TÀI LIỆU Tư duy mới - Cách làm đột phá
PHIM TRUYỆN Những nẻo đường gần xa
"XÂY DỰNG, CHỈNH ĐỐN ĐẢNG"
PHIM TRUYỆN Gia đình là số 1
SITCOM Vợ tôi là số 1
V FEST - THANH XUÂN RỰC RỠ
"PHIM TÀI LIỆU Khi công an là ""điểm tựa"" của doanh nghiệp"
TÂM CHẤN TRUNG ĐÔNG
KIẾN TẠO TƯƠNG LAI XANH
PHÓNG SỰ Tp. Huế - Hành trình chuyển đổi số và kiến tạo đô thị thông minh
TOÀN CẢNH THẾ GIỚI
SÁCH HAY THAY ĐỔI CUỘC ĐỜI
MỘT VÒNG VIỆT NAM
GIẢI MÃ CUỘC SỐNG
TIN NHANH THỂ THAO
NÔNG THÔN MỚI
PHÓNG SỰ Bản làng thức giấc
VÙNG BIÊN NGÀY MỚI
NGHIÊN CỨU VÀ ỨNG DỤNG
PHIM TÀI LIỆU Hành trình của những giá trị sống
VÌ MỘT VIỆT NAM BỀN VỮNG
PHÓNG SỰ Thích ứng linh hoạt với thiên nhiên
THƯƠNG HIỆU QUỐC GIA VIỆT NAM
BẠN HỎI - BÁC SĨ TRẢ LỜI
VTV SPORTS NEWS
THUẬN VỢ THUẬN CHỒNG
PHIM TÀI LIỆU Sự thật về Mukbang
PHIM TÀI LIỆU Việt Nam trong hành trình chuyển đổi số
PHÓNG SỰ Xanh hóa theo chuỗi - Chìa khóa để nông nghiệp vươn xa
PHÓNG SỰ Lời giải cho bài toán khó
"KỶ NGUYÊN MỚI, VẬN HỘI MỚI"
TT CẦU TRUYỀN HÌNH: HAI TAY XÂY DỰNG MỘT SƠN HÀ
PHIM TRUYỆN Cô gái bé nhỏ
KÝ SỰ Đất lành
CHƯƠNG TRÌNH VỀ SỨC KHOẺ
PHÓNG SỰ Đa dạng hình thức tuyên truyền bầu cử
PHIM TÀI LIỆU Khi biển thắp lửa
PHÓNG SỰ Khám phá vùng biên giới Tây Bắc xứ Thanh
TT BÓNG CHUYỀN NỮ VTV CUP 2025
PHIM TRUYỆN Đường tới đích
PHIM TÀI LIỆU Những người truyền lửa từ sân cỏ
PHIM TRUYỆN Cuộc hôn nhân hoàn hảo
PHIM TÀI LIỆU Giữa vòng vây quân thù
ĐẢNG TRONG KỶ NGUYÊN MỚI
PHÓNG SỰ Công nghệ số trong công tác khuyến nông
PHIM TRUYỆN Mỉm cười với cuộc sống
PHÓNG SỰ Khám phá du lịch sinh thái cộng đồng bản Năng Cát
PHÓNG SỰ Thanh Hóa điểm đến du lịch xanh
THTT MÃI MÃI NIỀM TIN THEO ĐẢNG
PHIM TRUYỆN Thiên thần bóng tối
THTT LỄ KHAI MẠC OLYMPIC MÙA ĐÔNG 2026
VIỆT NAM - ĐẾN VÀ YÊU
PHIM TRUYỆN Tứ trụ vương
CHẤT VIỆT
THTT FIFA WORLD CUP 2026 - VÒNG BẢNG
TINH HOA VÕ THUẬT
KÝ SỰ Thương Hồ
PHIM TÀI LIỆU Trước giờ toàn thắng
VTV ĐẶC BIỆT Cuộc đọ sức của ý chí
PHIM TRUYỆN Bến mãi đợi đò
PHIM TÀI LIỆU 80 năm Sứ mệnh vinh quang
PHIM TRUYỆN Nụ cười của nắng
PHIM TÀI LIỆU 60 năm ngành Nội chính Đảng
PHIM TRUYỆN Đất trời sánh đôi
SITCOM Hoa núi
XÚNG XÍNH ĐÓN XUÂN
PHÓNG SỰ Giữ vàng sau mùa gặt
PHÓNG SỰ Thanh Hóa - Vùng đất của những di sản
MV TẾT CỘNG NỤ CƯỜI
PHIM TÀI LIỆU Những kẻ khổng lồ của biển Việt
PHÓNG SỰ Nỗ lực bảo tồn di tích
"PHIM TÀI LIỆU Hồ Tùng Mậu - Trọn đời vì Đảng, vì dân"
PHÓNG SỰ Thách thức và cơ hội
PHÓNG SỰ Phát triển kinh tế dưới tán rừng
PHIM TÀI LIỆU Hồ Chí Minh - Theo dấu chân Người
THTT XUÂN CHIẾN SĨ NĂM 2026: ÂM VANG ĐẠI NGÀN - ẤM TÌNH QUÂN DÂN
PHIM TÀI LIỆU Dấu mốc mở ra kỷ nguyên mới của dân tộc
PHIM TÀI LIỆU Giữa hai dòng chảy
PHIM TRUYỆN Thanh Mai Trúc Mã
PHÓNG SỰ Duy trì sản xuất chuỗi trong nông nghiệp
THTT FIFA WORLD CUP 2026 - FINAL HALFTIME SHOW
PHIM HOẠT HÌNH Chuyện cổ tích
ĐIỂM TIN
1001 CHUYỆN TÁM
PHIM TÀI LIỆU Bên kia vị mặn
PHIM TRUYỆN Bước chân vào đời
CHƯƠNG TRÌNH TIẾNG BAHNAR
CHƯƠNG TRÌNH TIẾNG CHĂM
SITCOM Xóm trọ thanh xuân
THỜI SỰ 9H
PHIM TRUYỆN Tiệm ăn dì ghẻ
PHƯƠNG NAM HÔM NAY
THIẾU NHI
PHIM TÀI LIỆU Cái giá của sắc đẹp
TT GIẢI BÓNG CHUYỀN NỮ QUỐC TẾ - CÚP VTV9 BÌNH ĐIỀN 2026
CÔNG NGHỆ 360
PHÓNG SỰ Góp sắc xanh cho đời
"PHIM TÀI LIỆU Giữ sạch bộ máy - vì dân, vì nước"
CASH CAB - XE KỲ THÚ
PHIM TÀI LIỆU Biển Việt Nam - Thanh âm ngàn đời
PHỤ NỮ LÀ ĐỂ YÊU THƯƠNG
BIỆT ĐỘI BICHILI
PHÓNG SỰ Chuyện dưới mái nhà Gươl
CHÍNH SÁCH & CUỘC SỐNG
TRANG VĂN HÓA
PHIM TRUYỆN Thiên kim háo sắc
LÀ LA LÁ
PHÓNG SỰ Chuỗi cung ứng CPTPP - Tái cấu trúc để thích ứng
PHÓNG SỰ Triển vọng bứt tốc trong kỷ nguyên mới
NHÀ MÌNH QUÁ ĐỈNH
PHÓNG SỰ Thanh Hóa đa dạng hóa các sản phẩm du lịch về đêm
TỰ HÀO VIỆT NAM
TING TING
KỶ NGUYÊN VƯƠN MÌNH
FOLLOW US
PHÓNG SỰ Sự đổi thay của công tác tái hòa nhập cộng đồng trong bối cảnh mới
NÔNG NGHIỆP THÔNG MINH
PHIM TRUYỆN Người thừa kế không danh phận
THÔNG TIN - DỊCH VỤ
VĂN HÓA SỨC MẠNH NỘI SINH
CÂU CHUYỆN QUANH TA
PHIM TÀI LIỆU Sóng ngầm không gian mạng
VÌ BẠN XỨNG ĐÁNG
TIÊU ĐIỂM CHÍNH SÁCH
PHIM TÀI LIỆU Biên phòng và Cảnh sát biển - Những lực lượng thầm lặng
PHÓNG SỰ Nghị quyết 57 - Hành động đột phá
PHÓNG SỰ Thanh Hóa nâng cao chất lượng du lịch cộng đồng
PHÓNG SỰ Chuyện ở Bình Lư
PHÓNG SỰ Ấm no ở vùng dân tộc rất ít người
PHIM TRUYỆN Tề sửu vô diệm
PHÓNG SỰ Những tài năng y khoa Việt tại Hoa Kỳ
PHÓNG SỰ Phát triển rừng gỗ lớn có chứng chỉ FSC
PHIM TRUYỆN Hoắc Nguyên Giáp
PHIM TÀI LIỆU Sông Gianh thương nhớ
PHÓNG SỰ Huyền thoại xanh giữa lòng Tây Bắc
PHIM TÀI LIỆU Con đường sáng
"PHÓNG SỰ Khám phá đền thờ Mai An Tiêm, động Từ Thức"
THƠ TẾT
PHIM TRUYỆN Câu chuyện Hoa Hồng
PHIM TRUYỆN Cảnh sát biển
SITCOM Sống chậm
PHIM TÀI LIỆU Chiến tranh thông tin
VẠN XUÂN
PHIM TRUYỆN Công chúa nhỏ
THTT KỶ NIỆM 50 NĂM THÀNH PHỐ MANG TÊN CHỦ TỊCH HỒ CHÍ MINH
KHÁT VỌNG XANH
PHIM TÀI LIỆU Dấu ấn Phật Hoàng - Di sản ngàn năm
PHIM TRUYỆN Người một nhà
SAO 24H
PHIM TRUYỆN Ở rể
THTT KHAI MẠC LỄ HỘI HOA PHƯỢNG ĐỎ - HẢI PHÒNG 2026
PHIM TÀI LIỆU Bốn mùa trong rừng thẳm
PHIM TRUYỆN Đời không như là mơ
PHIM TÀI LIỆU Những người gieo mầm thiện
PHÓNG SỰ Chuyển đổi số lĩnh vực y tế tại Tp. Hồ Chí Minh
KÝ SỰ An Lão - Nơi rừng kể chuyện
PHÓNG SỰ Tết không xa nhà
GẶP GỠ DIỄN VIÊN TRUYỀN HÌNH
PHIM TÀI LIỆU Thế trận mở cửa biển trong tác chiến hiện đại
PHIM TRUYỆN Gặp em ngày nắng
PHÓNG SỰ Chùa Việt trên đất Nhật
THTT LỄ ĐÓN NHẬN BẰNG CỦA UNESCO VÀ KHAI MẠC FESTIVAL BẮC NINH 2026
"THTT ĐẠI HỘI ĐẠI BIỂU TOÀN QUỐC ĐOÀN TNCS HỒ CHÍ MINH LẦN THỨ XIII, NHIỆM KỲ 2026 - 2031"
PHÓNG SỰ Du lịch cộng đồng trên đất Vạn Xuân
PHÓNG SỰ Bắc Ninh đẩy mạnh sản xuất sản phẩm OCOP
THTT GIẢI BƠI CHẢI TỈNH PHÚ THỌ 2026
PHÓNG SỰ Khám phá du lịch xanh ở tỉnh Quảng Trị
PHIM TÀI LIỆU 65 nhịp đập Cuba và Việt Nam
PHIM TRUYỆN Đảo ngọt
PHÓNG SỰ 10 dấu ấn nổi bật của lực lượng CSGT năm 2025
Ý ĐẢNG LÒNG DÂN
PHÓNG SỰ Hiệu quả tiểu dự án giảm nghèo về thông tin tại Lý Sơn
PHIM TÀI LIỆU Báo chí giữa dòng xoáy toàn cầu hóa và AI
THTT CHIẾN DỊCH QUANG TRUNG THẦN TỐC
PHÓNG SỰ Hương sắc Sơ Lương
PHIM TRUYỆN Anh có phải đàn ông không
NGÀY TRỞ VỀ
PHÓNG SỰ Xuân ấm giữa biển xa
THTT LỄ BẾ MẠC GIẢI BÓNG ĐÁ THANH NIÊN SINH VIÊN VIỆT NAM 2026
PHÓNG SỰ Kinh Lá Buông - báu vật của người Khmer
PHIM TÀI LIỆU Tín chỉ carbon - Nỗ lực vì tương lai xanh
PHÓNG SỰ Bài toán cho y tế cơ sở
PHIM TÀI LIỆU Bảo tồn và phát huy giá trị di sản văn hóa thế giới
PHIM TÀI LIỆU Hùng ca Điện Biên Phủ
PHIM TÀI LIỆU Hai triệu giấc mơ - Một sứ mệnh đồng hành
THTT ĐƯỜNG LÊN PHÍA TRƯỚC
TT AFC WOMEN'S ASIAN CUP 2026
BÌNH LUẬN AFC WOMEN'S ASIAN CUP 2026
PHIM TÀI LIỆU Người đại biểu nhân dân
PHÓNG SỰ Giáo dục văn hóa - Kết nối Việt Trung
PHIM TRUYỆN Chỉ có thể là tình yêu
PHÓNG SỰ Phát triển nông nghiệp đa giá trị ở Bắc Ninh
GIẢI MÃ DINH DƯỠNG VÀ Y HỌC THỂ THAO
TINH HOA NGHỀ VIỆT
NHỊP ĐẬP THỂ THAO
VÌ CỘNG ĐỒNG
PHIM TÀI LIỆU Nữ Biệt động Sài Gòn - Khúc tráng ca bất tử
SỐNG KHỎE 4.0
CUỘC SỐNG PHƯƠNG XA
PHÓNG SỰ Vì dân
PHIM TRUYỆN Nữ chủ
TỎA SÁNG ĐAM MÊ
KIẾN THỨC CỘNG ĐỒNG
SỨC SỐNG NGHỊ QUYẾT
PHÓNG SỰ Nông dân trong kỉ nguyên mới
THTT XUÂN BIÊN PHÒNG ẤM LÒNG DÂN BẢN NĂM 2026
THỂ THAO
CHƯƠNG TRÌNH TIẾNG THÁI
CHƯƠNG TRÌNH TIẾNG CHU RU
VĂN HÓA TÂY NGUYÊN
PHIM TÀI LIỆU Thiên nhiên Phong Nha Kẻ Bàng
VIỆT NAM ĐA SẮC
CHÀO BUỔI SÁNG
CẢM NHẬN VIỆT NAM
PHIM TRUYỆN Cách em 1 milimet
PHIM TRUYỆN Nhân duyên trời định
PHIM TRUYỆN Yêu không khoảng cách
PHIM TÀI LIỆU Hành trình đánh thức vẻ đẹp biên cương xanh
PHIM TRUYỆN Trường tương tư
NHỮNG DÒNG CHẢY NGHỆ THUẬT
VIỆT NAM ƠI - MÌNH CÙNG ĐI
HIỂU ĐÚNG - SỐNG KHỎE
PHÓNG SỰ Gìn giữ bản sắc văn hóa của đại ngàn
PHÓNG SỰ Thúc đẩy huy động vốn khởi nghiệp trí tuệ nhân tạo
VÌ TRẺ EM
GÓC NHÌN NGƯỜI TIÊU DÙNG
THTT KHAI MẠC ĐẠI HỘI ĐẠI BIỂU TOÀN QUỐC LẦN THỨ XIV CỦA ĐẢNG
CHƯƠNG TRÌNH TIẾNG DAO
PHIM TRUYỆN Có lẽ anh yêu em
PHÓNG SỰ Lan tỏa sản phẩm từ làng nghề truyền thống
PHIM TRUYỆN Chuyện tình thôn Tè
GÓC NHÌN
ĐÓN TẾT CÙNG VTV
PHIM TÀI LIỆU Ông nội
ĐỘI CỨU HỘ BIỂN XANH
PHIM TRUYỆN Mẹ rơm
PHIM TRUYỆN Trầm vụn hương phai
ÚM BA LA RA CHỮ GÌ?
KHÁM PHÁ KHOA HỌC
KẾT NỐI THỂ THAO
"PHÓNG SỰ Chọn người xứng đáng, gửi trọn niềm tin"
ĐÁO XUÂN
"PHIM TÀI LIỆU Hoàng Sa, Trường Sa - Lãnh thổ thiêng liêng của Việt Nam"
PHÓNG SỰ Ứng dụng công nghệ hướng đến chính quyền đô thị thông minh
PHIM TRUYỆN Nữ bác sĩ tâm lý
PHÓNG SỰ Tưới nước tiết kiệm để thích ứng với nắng hạn
THTT FIFA WORLD CUP 2026 - BÁN KẾT
GIẢI MÃ THỂ THAO
PHIM TÀI LIỆU Không khoảng cách
PHIM TRUYỆN Ngọt ngào bên em
PHÓNG SỰ Sức hút suối cá thần Cẩm Lương
PHIM TRUYỆN Mình yêu nhau đi
TT ÂM VANG TỔ QUỐC
KÝ SỰ Đắk Lắk - Đến là mê
PHIM TRUYỆN Mật mã nụ cười
SITCOM Lập trình trái tim
PHIM TRUYỆN Kỳ tích tình yêu
PHIM TÀI LIỆU Sứ mệnh vinh quang
PHÓNG SỰ ERPA Bắc Trung Bộ - Khởi đầu phát triển carbon rừng bền vững
PHÓNG SỰ Cua Cà Mau - hành trình vượt sóng vươn xa
"PHÓNG SỰ Chung sức dựng nhà, trao Tết cho người nghèo"
PHIM TÀI LIỆU Nuôi lại biển
PHÓNG SỰ Câu chuyện đầu ra cho quả sầu riêng
PHIM TRUYỆN Hẹn ước ngày xuân
"PHÓNG SỰ Chi bộ mạnh, bản làng phát triển bền vững"
PHIM TÀI LIỆU Nếp gấp của tự do
TT CÚP QUỐC GIA 2025/2026
PHIM TRUYỆN Ngày gặp lại em
NĂNG ĐỘNG PHƯƠNG NAM
PHÓNG SỰ Thoát nghèo bằng ý chí
SÂN CỎ FIFA WORLD CUP 2026
PHÓNG SỰ Phú Thọ - Tuyệt tác xanh giữa lòng đất Tổ
PHIM TRUYỆN Mưa đỏ
ẨM THỰC ĐỘC ĐÁO
PHIM TÀI LIỆU Những bí mật chưa khép lại của thời Apartheid
PHÓNG SỰ Phát huy vai trò BHXH trong chăm sóc sức khỏe
PHIM TÀI LIỆU Hợp tác quốc tế trên biển đảo
PHIM TÀI LIỆU Hai người mẹ
PHIM TÀI LIỆU Đà Nẵng - Trung tâm kinh tế biển Việt Nam
PHIM TRUYỆN Đời này có em
PHÓNG SỰ Tp.Hồ Chí Minh chuẩn bị cho ngày hội non sông
PHÓNG SỰ Khánh Hòa đột phá nông nghiệp công nghệ cao
PHÓNG SỰ Người giữ lửa điệu hát Xoan
HOA CÀI TRÊN LÁ CHẮN
PHÓNG SỰ Bắc Ninh phát triển du lịch gắn với bảo tồn di sản văn hóa
BÍ ẨN TỰ NHIÊN
PHIM TRUYỆN Hoa sữa về trong gió
PHIM TÀI LIỆU Hương xuân
KÝ SỰ Con người và biển cả
PHÓNG SỰ EVNCPC thắp sáng niềm tin bằng lưới điện thông minh
TT GIẢI PICKLEBALL VTV CUP 2025
THTT QUỐC HỘI NGHE BÁO CÁO VỀ TÌNH HÌNH KINH TẾ - XÃ HỘI
"PHIM TÀI LIỆU Công nghệ ""Tắc kè hoa"""
X-SHOW
PHÓNG SỰ Một năm vận hành chính quyền 2 cấp ở Lai Châu
PHIM TÀI LIỆU Trái tim vẫn tròn nhịp đập
PHIM TRUYỆN Hướng dương ngược nắng
"PHÓNG SỰ Lai Châu - Đánh thức tiềm năng, khơi nguồn cơ hội"
PHÓNG SỰ Giữ vững an ninh trật tự từ cơ sở
THỜI TIẾT DU LỊCH
THÔNG BÁO - GHI ƠN
PHIM TÀI LIỆU Những người giữ nhịp sống
THTT HỘI NGHỊ TOÀN QUỐC QUÁN TRIỆT VÀ TRIỂN KHAI NGHỊ QUYẾT HỘI NGHỊ TRUNG ƯƠNG 2 KHÓA XIV
PHIM TRUYỆN Vị ngọt gia đình
PHIM TÀI LIỆU Hình ảnh và những giá trị lịch sử
WHEN IN VIETNAM
VIỆT NAM NGUỒN CỘI
NHẬT KÝ TRÊN KHÓA SOL
DÂN TỘC VÀ TÔN GIÁO
THTT GALA TỔ QUỐC BÌNH YÊN
VẬN MAY GỌI TÊN AI
"PHÓNG SỰ Hợp đồng chậm thực hiện, nông dân chịu rủi ro"
PHÓNG SỰ Hướng đến du lịch biển đảo bốn mùa
PHÓNG SỰ Quảng Ngãi cực tăng trưởng của khu vực Miền Trung - Tây Nguyên
XEM VÀ NGHĨ
KHÁM PHÁ THẾ GIỚI
PHÓNG SỰ Vai trò và trách nhiệm của người đứng đầu
PHIM TRUYỆN Anh hùng phong thần bảng
KHAI MẠC LỄ HỘI LÀNG SEN 2026
PHÓNG SỰ Đến Bản Sưng chạm tay vào văn hóa Dao Tiền
PHÓNG SỰ Tết nhân ái
PHÓNG SỰ Khám phá du lịch cộng đồng sinh thái Bản Bút
THTT TỰ HÀO THEO ĐẢNG QUANG VINH – QUẢNG NINH VƯƠN MÌNH CẤT CÁNH
PHIM TÀI LIỆU Văn hóa qua thiết kế
LỄ KHAI MẠC TUẦN DU LỊCH NINH BÌNH 2026
CẶP LÁ YÊU THƯƠNG
THTT LỄ KHAI MẠC GIẢI BÓNG CHUYỀN NỮ QUỐC TẾ - CÚP VTV9 BÌNH ĐIỀN 2026
KÝ SỰ Sống nơi cửa sông
PHÓNG SỰ Nâng cao chất lượng giáo dục vùng miền núi
TRUE CONCERT TÌNH ĐẤT
HỌC CÙNG CON
CẢI CÁCH HÀNH CHÍNH
VÌ BÌNH YÊN CUỘC SỐNG
VÕ THUẬT TỔNG HỢP MMA
CHÉM GIÓ - GIÓ CHÉM
CHƯƠNG TRÌNH TIẾNG K’HO
ENGLISH IN A MINUTE
PHÓNG SỰ Đầu tư hạ tầng giao thông phát triển kinh tế vùng cao
TRUYỀN HÌNH CÔNG THƯƠNG
PHIM TÀI LIỆU Khi nghệ thuật cất tiếng
PHIM TRUYỆN Miền chân sóng
24H ONLINE
PHIM TÀI LIỆU Những vương quốc ngầm
PHIM TÀI LIỆU Đôi chân của Khải
PHIM TRUYỆN Mùa cưới
TỔ QUỐC TRONG TIM
BẠN LÀ HÌNH GÌ
SITCOM Tiếu lâm du ký
PHIM TÀI LIỆU Văn hóa Việt - những giá trị nguồn cội
AI LÀ TRIỆU PHÚ
PHIM TÀI LIỆU Người đàm phán
PHÓNG SỰ Nâng tầm giá trị tài nguyên bản địa
PHIM TRUYỆN Ước mình cùng bay
CHẤT LƯỢNG CUỘC SỐNG
AI THỰC CHIẾN
MÀU CỜ TÔI YÊU
HÀNH TRÌNH HY VỌNG
NHỊP SỐNG HÔM NAY
TT HÒA CA CÙNG DÂN TỘC
PHÓNG SỰ Mô hình nông nghiệp bền vững
"PHIM TÀI LIỆU Phố Hội nức tiếng, cửa Hàn hôm nay"
THTT GIAO HỮU QUỐC TẾ 2026
SỔ TAY CÔNG NGHỆ
PHÓNG SỰ Nâng cao chất lượng phục vụ trải nghiệm di sản Huế
PHIM TÀI LIỆU Tiếng khèn bản Chắn
PHIM TÀI LIỆU Nhà khoa học của những cuộc gặp gỡ
PHÓNG SỰ Cua biển Cà Mau - Bài toán tăng trưởng hai con số
PHIM TÀI LIỆU Báo chí và mầm mống cách mạng
PHIM TRUYỆN Ngôi sao thất lạc
PHÓNG SỰ Nỗi đau và sự tha thứ
PHIM TÀI LIỆU Nắng lên trên miền ký ức
PHIM TÀI LIỆU Tiếng vọng những trái tim
PHIM TRUYỆN Khang Hy vi hành
KINH TẾ SỐ
PHÓNG SỰ Giữ gìn văn hóa truyền thống trong dòng chảy hiện đại
TT MĂNG ĐEN - SẮC HỒNG GIỮA ĐẠI NGÀN
CÀ PHÊ TẾT
"PHÓNG SỰ Phòng ngừa tai nạn lao động, bệnh nghề nghiệp"
PHIM TÀI LIỆU An ninh hàng hải - Vấn đề quốc tế và chủ quyền
SITCOM Hạnh phúc có thật
PHIM TRUYỆN Phía sau nỗi đau
PHIM TRUYỆN Phố trong làng
PHIM TRUYỆN Buông
PHIM TÀI LIỆU Qua cơn ác mộng
BẤT ĐỘNG SẢN AN TOÀN
PHIM TRUYỆN Thiên thịnh trường ca
PHÓNG SỰ Giải Pickleball Bộ Y tế - VTV8: Lan tỏa tinh thần thể thao
PHIM TRUYỆN Phía bên kia thành phố
THTT DƯỚI LÁ CỜ VẺ VANG CỦA ĐẢNG
KÝ SỰ Sông đợi bến chờ
PHÓNG SỰ Giữ hồn then giữa địa ngàn
PHIM TRUYỆN Trời cao nguyên xanh
PHIM TRUYỆN Mùa ổi
PHÓNG SỰ Bình Liêu thức giấc
PHIM TÀI LIỆU Văn hóa - Sức mạnh mềm Việt Nam
THTT GIẢI BÓNG ĐÁ NỮ CÁC DÂN TỘC THIỂU SỐ CUP VTV TỈNH GIA LAI NĂM 2026
"PHÓNG SỰ Kiểm soát quyền lực, chống tham nhũng, lãng phí, tiêu cực"
PHÓNG SỰ Nền tảng số - cầu nối chính quyền với người dân
PHIM TRUYỆN Nỗi buồn có mắt
PHÓNG SỰ Phát triển nuôi biển
TT FIFA WORLD CUP 2026 - VÒNG 1/8
THTT FIFA WORLD CUP 2026 - CHUNG KẾT
THTT NGÀY THƠ VIỆT NAM LẦN THỨ 24
PHIM TRUYỆN Em là của em
PHIM TRUYỆN Đào Sen
TT XUÂN QUÊ HƯƠNG
THTT LỄ BẾ MẠC OLYMPIC MÙA ĐÔNG 2026
PHÓNG SỰ 50 năm bầu cử Quốc hội 1976
PHÓNG SỰ Kỳ vọng từ đất chín rồng
PHIM TRUYỆN Giây phút gặp em
CHƯƠNG TRÌNH TIẾNG CHĂM H'ROI
TT CÁC MÔN THI ĐẤU SEA GAMES 33
5 PHÚT HÔM NAY
PHÓNG SỰ Metro Tp.Hồ Chí Minh với nhiều cách làm đột phá
PHIM TÀI LIỆU Bùng nổ truyền thông và nghệ thuật đại chúng
VẤN ĐỀ HÔM NAY
PHIM TRUYỆN Không thời gian
CUỘC SỐNG VẪN TƯƠI ĐẸP
TT GALA TỔ QUỐC BÌNH YÊN
HƯỚNG VỀ TỔ QUỐC
PHÓNG SỰ Định vị mới cho du lịch - Cơ hội từ bản sắc
PHIM TRUYỆN Trở lại 1989
PHIM TRUYỆN Xưa có ngói lưu ly
PHÓNG SỰ Xuất khẩu nông sản - sức bật từ ĐBSCL
PHIM TÀI LIỆU Khôi
CHƯƠNG TRÌNH TIẾNG MÔNG
KÝ SỰ Đường biên
PHIM TÀI LIỆU Điểm tựa niềm tin
THẾ GIỚI QUANH TA
NHỮNG MẢNH GHÉP CỦA CUỘC SỐNG
FINE CUISINE
"PHÓNG SỰ Quảng Ngãi kết nối giá trị nông sản, nâng tầm thương hiệu địa phương"
SỐNG KHỎE MỖI NGÀY
PHIM TÀI LIỆU Biển mở lối tương lai
PHIM TRUYỆN Quân cửu linh
KẾT NỐI VTV8
PHÓNG SỰ Biến Nghị quyết thành hành động
TIÊU ĐIỂM KINH TẾ
PHIM TÀI LIỆU Ô nhiễm môi trường biển
PHIM TÀI LIỆU Mười tám thôn vườn trầu
TẠP CHÍ DÂN TỘC VÀ PHÁT TRIỂN
NHỮNG NGƯỜI BẠN CẦU VỒNG
TT GIẢI QUẦN VỢT QUỐC TẾ ATP CHALLENGER 50
ĐIỀU CON MUỐN NÓI
KHÍ CHẤT PHÁI ĐẸP
PHIM TRUYỆN Vui lên nào anh em ơi
TẾT XA NHƯNG THẬT GẦN
STREAM TOÁN HỌC
SỐNG KHỎE - ĐẸP
PHÓNG SỰ Vững vàng nơi phên giậu Tổ quốc
PHIM TÀI LIỆU Ánh sáng của mẹ
LIÊN KẾT VÀ HỘI NHẬP
PHIM TRUYỆN Người đuổi bắt sự sống
PHIM TRUYỆN Lửa trắng
PHIM TRUYỆN Mặt trái sự thật
PHIM TÀI LIỆU Bản giao hưởng màu xanh
LỄ KHAI MẠC FESTIVAL DU LỊCH CỬA LÒ NĂM 2026
QUÂN KHU SỐ 1
PHIM TRUYỆN Đương gia chủ mẫu
PHÓNG SỰ Sự kiện văn hóa du lịch lớn năm 2025 của Thanh Hóa
PHIM TRUYỆN Sông đón trăng lên
PHÓNG SỰ Phát huy thế trận lòng dân bảo vệ biên giới
NHỚ NGƯỜI
PHÓNG SỰ Du lịch Quảng Ninh bứt phá trong năm 2025
GALA NGÀY TRỞ VỀ
PHÓNG SỰ Làng nông nghiệp di sản
NIỀM TIN VÀ KHÁT VỌNG
PHÓNG SỰ Nông nghiệp chuyển mình bước vào chuỗi cung ứng toàn cầu
THTT NON THIÊNG YÊN TỬ - KHÍ PHÁCH NGÀN NĂM
PHIM TRUYỆN Ngọc lâu xuân
PHIM TÀI LIỆU Văn nghệ miền Nam với Bác Hồ
HOẠT HÌNH 100% SÓI
"PHIM TÀI LIỆU Giảm kép, áp lực gấp ba"
PHÓNG SỰ Lao Chải - Điểm tựa của bản làng
ĐẦU BẾP THƯỢNG ĐỈNH
PHÓNG SỰ Khám phá đặc sắc ẩm thực xứ Thanh
PHIM TÀI LIỆU Chính phủ nhiệm kỳ 2021 - 2025: Kỷ cương - Trách nhiệm - Sáng tạo - Bứt phá
PHIM TRUYỆN Mùi cỏ cháy
PHÓNG SỰ Quảng Ninh tự tin vững vàng
PHIM TRUYỆN Hẹn nhau ngày mai
TẠP CHÍ XUÂN
PHIM TRUYỆN Biển trổ hoa vàng
PHIM TÀI LIỆU Mạch ngầm giữ nước
PHÓNG SỰ Hợp nhất ba chương trình mục tiêu quốc gia
THTT FIFA WORLD CUP 2026 - HẠNG BA
PHÓNG SỰ Định vị du lịch Gia Lai trong không gian phát triển mới
MÔI TRƯỜNG - GÓC NHÌN QUỐC TẾ
ẤN TƯỢNG KHOA HỌC CÔNG NGHỆ
PHIM TÀI LIỆU Để không còn cái chết trắng
PHÓNG SỰ Giải pháp mở rộng vùng chuyên canh lúa chất lượng cao
THTT LỄ KHAI MẠC HỘI CHỢ MÙA XUÂN LẦN THỨ NHẤT NĂM 2026
PHIM TRUYỆN Erin Brockovich
PHIM HOẠT HÌNH Pokemon Chân trời mới
THTT FIFA WORLD CUP 2026 - VÒNG 1/16
PHIM TRUYỆN Thám tử miệt vườn
PHIM TRUYỆN Thương con cá rô đồng
PHIM TRUYỆN Không ngủ ở Seattle
PHIM TRUYỆN Đau buốt đến tim
PHIM TÀI LIỆU Bản làng không khoảng cách
THTT LỄ TRAO GIẢI FIFA WORLD CUP 2026
PHIM TÀI LIỆU Trúc Lâm Yên Tử - Dòng thiền thuần Việt
PHIM TRUYỆN Kẻ phản bội thân mật
THTT LỄ BẾ MẠC FIFA WORLD CUP 2026
THỜI SỰ 16H
TÁC PHẨM MỚI
NÉT ĐẸP DÂN GIAN
PHIM TRUYỆN Những chặng đường bụi bặm
PHÓNG SỰ Thanh âm Việt Nam trên đất Pháp
ĐƯỜNG DÂY NÓNG VTV9
PHIM TÀI LIỆU Tiếng tính tẩu hơi thở Mường Thanh
"THTT KHAI MẠC KỲ HỌP THỨ NHẤT, QUỐC HỘI KHÓA XVI"
CA NHẠC
PHIM TRUYỆN Chị em định mệnh
DẤU ẤN LỊCH SỬ
SỰ SỐNG DIỆU KỲ
"THTT LỄ VIẾNG, TRUY ĐIỆU VÀ AN TÁNG HÀI CỐT LIỆT SĨ"
PHIM TRUYỆN Cuộc chiến không giới tuyến
BẢN TIN THỜI SỰ
360 ĐỘ THỊ TRƯỜNG
PHIM TÀI LIỆU Bước ngoặt kỷ nguyên
PHIM TRUYỆN Nỗi đau giấu kín
PHIM TÀI LIỆU Khi mỗi người dân là một chiến sỹ
PHIM TRUYỆN Xứng danh anh hùng
TT FIFA WORLDCUP 2026
VỀ NGHE GIÓ HÁT
TRÁI TIM CHO EM
VTV ĐẶC BIỆT Hành trình thống nhất
VĂN VUI VẺ
TRAI ĐẸP VÀO BẾP
KIDS VOCAB
KHUYẾN HỌC - HÀNH TRÌNH TRI THỨC
"PHIM TÀI LIỆU Trần Quốc Hoàn - Người cộng sản kiên trung, mẫu mực"
PHÓNG SỰ Điểm tựa cho đồng bào thoát nghèo
SÂN KHẤU - CẢI LƯƠNG
TỌA ĐÀM
PHIM TÀI LIỆU Hỗ trợ kinh tế tư nhân
PHIM TRUYỆN Lôi đình đặc cảnh
ĐẤU TRƯỜNG THÔNG THÁI
PHIM TRUYỆN Yến Sơn phái và Bách Hoa môn
THÔNG TIN 260
PHIM TÀI LIỆU Vươn lên cùng đất nước
TOÀN CẢNH BÁO XUÂN
KÝ SỰ Trầm lắng nghề tiếp xơ dừa
NỘI THẤT KHÔNG GIỚI HẠN
PHÓNG SỰ Độc đáo sản phẩm quà tặng OCOP xứ Thanh
GIAI ĐIỆU TỰ HÀO
PHIM TÀI LIỆU Một lần nào đó ba đã mơ
NÔNG NGHIỆP XANH
ĐƯỜNG LÊN ĐỈNH OLYMPIA
THUẾ VÀ ĐỜI SỐNG
PHIM TRUYỆN Ánh trăng Sài Gòn
KHÔNG GIAN VĂN HÓA NGHỆ THUẬT
PHÓNG SỰ Nuôi dưỡng sức sống cồng chiêng
SÔNG LAM KÝ SỰ
PHIM TRUYỆN Đại tiểu thư vượt chông gai
PHÓNG SỰ Thủy sản Việt và hành trình xanh
PHÓNG SỰ Lá chắn thầm lặng
THTT FIFA WORLD CUP 2026
PHÓNG SỰ Chung tay tạo sinh kế cho thanh niên
PHÓNG SỰ Đà Nẵng - Động lực phát triển đô thị từ những cây cầu
10 SỰ KIỆN ĐBSCL NĂM 2025
PHIM TÀI LIỆU 80 năm lực lượng CSGT - Vì bình yên trên những tuyến đường
PHÓNG SỰ Đắk Lắk - Hành trình chuyển đổi số
PHIM TÀI LIỆU Gia đình siêu nhân
PHIM TÀI LIỆU Dấu ấn Xây dựng Đảng nhiệm kỳ Đại hội XIII
PHIM TRUYỆN Tìm lại tình yêu
PHIM TRUYỆN Mạch ngầm vùng biên ải
PHIM TÀI LIỆU Món quà của đại dương
SINH VIÊN THẾ HỆ MỚI
PHIM TÀI LIỆU Vị đắng
PHIM TRUYỆN Lá chắn cuối cùng
TẦM NHÌN BẤT ĐỘNG SẢN
FIFA WORLD CUP 2026 - CHUYỆN NGƯỜI TRONG CUỘC
PHÓNG SỰ Ứng dụng AI trong y tế Việt Nam
PHÓNG SỰ Mạch sống từ đại dương
ALO! ĐÂY LÀ
PHIM TRUYỆN Mẹ biển
PHÓNG SỰ Từ hạt lúa hôm nay đến tương lai đồng bằng
PHIM TRUYỆN Sứ mệnh tái sinh
THTT CẦU TRUYỀN HÌNH: BẦU CỬ ĐẠI BIỂU QUỐC HỘI KHÓA XVI VÀ ĐẠI BIỂU HỘI ĐỒNG NHÂN DÂN CÁC CẤP NHIỆM KỲ 2026 – 2031
CUỘC HẸN VỚI THÁNG BA
THTT LỄ TRAO GIẢI GIỌNG CA VÀNG TÌNH CA QUÊ HƯƠNG VIỆT NAM 2026
PHÓNG SỰ Điểm tựa của buôn làng
THTT LỄ CÔNG BỐ NGHỊ QUYẾT CỦA QUỐC HỘI THÀNH LẬP THÀNH PHỐ ĐỒNG NAI
PHIM TÀI LIỆU Cùng chung dòng Mekong
PHÓNG SỰ Du lịch xứ Thanh
KÝ SỰ Mảnh vườn nhà tôi
PHÓNG SỰ Jiu-Jitsu - Nghệ thuật kiểm soát
GIÓ VÀ TÌNH YÊU THỔI TRÊN ĐẤT NƯỚC TÔI
PHÓNG SỰ Theo vó ngựa về mùa xuân Bắc Hà
PHÓNG SỰ Tốt nhất cho ngày bầu cử
PHÓNG SỰ Du lịch miệt vườn
PHÓNG SỰ Cho Huế thêm xanh
TRAO GỬI YÊU THƯƠNG
VTV ĐẶC BIỆT Mảnh ký ức
PHÓNG SỰ Phụ nữ Cà Mau giữ hồn đặc sản quê hương
KÝ SỰ Qua miền di sản đờn ca
PHIM TÀI LIỆU Hồ Chí Minh - Điểm tựa Việt Nam
PHIM TÀI LIỆU Virus có lợi
PHÓNG SỰ Tổ dịch vụ nông nghiệp - Chung tay làm nông hiệu quả
PHÓNG SỰ Từ cây trồng bản địa đến sản phẩm OCOP
TT TINH HOA NHÍ VIỆT NAM - PHIÊN BẢN NGÔI SAO NHÍ
PHÓNG SỰ CPTPP - Đòn bẩy mới cho tăng trưởng xuất khẩu
PHIM TÀI LIỆU Bức tranh Đại dương
THTT NGÀY HỘI VĂN HÓA DÂN TỘC CHĂM LẦN THỨ VI
PHIM TÀI LIỆU Thi hành án dân sự - 80 năm xây dựng và phát triển
THTT TƯ VẤN TUYỂN SINH ĐẠI HỌC NĂM 2026
PHIM TÀI LIỆU Bản hùng ca trên đất lửa
VÒNG XOAY LỐC XOÁY
MIỀN TÂY HÔM NAY
SỨC SỐNG THỂ THAO
PHIM TRUYỆN Cuộc đời vẫn đẹp sao
DU LỊCH VIỆT NAM
PHIM TRUYỆN Mỹ nhân Sài Thành
CHÔM CHÔM VÀ NHỮNG NGƯỜI BẠN
GIẢI MÃ SỨC KHỎE
VTV5 TÂY NAM BỘ KẾT NỐI
CẤT CÁNH
MẢNH GHÉP HOÀN HẢO
PHIM TRUYỆN Trạm cứu hộ trái tim
24 GIỜ NÓI THẬT
NHỊP SỐNG CỘNG ĐỒNG
PHÓNG SỰ Giảm áp lực cho ngành hàng cá tra
PHIM TRUYỆN Hợp đồng từ thượng đế
MIỀN VIỆT
PHÓNG SỰ Người Việt tại Nhật Bản - khát vọng vươn lên
PHIM TRUYỆN Tình yêu và tham vọng
CHO NGÀY HOÀN HẢO
KHÁCH SẠN 5 SAO
AN TOÀN GIAO THÔNG
SÂN KHẤU HÀI
BỘ BA TRANH TÀI
TT GALA ÁNH SÁNG TRI THỨC
VÌ MÔI TRƯỜNG BỀN VỮNG
THTT BÓNG ĐÁ AFC U23 ASIAN CUP 2026
TRƯỚC CT TÀI CHÍNH - KINH DOANH
PHIM TÀI LIỆU Từ Thăng Long đến Phố Hiến - Con đường ra biển lớn
5 TỪ MỚI TIẾNG ANH MỖI NGÀY
CHẠM CẢM XÚC
PHIM TÀI LIỆU Về nhà
GIÓ CUỐN MÂY TRÔI
CHƯƠNG TRÌNH TIẾNG Ê ĐÊ
ALO DOCTOR
CHƯƠNG TRÌNH TIẾNG HÀ NHÌ
THTT LỄ TUYÊN DƯƠNG BÍ THƯ CHI BỘ XUẤT SẮC VÀ TRAO GIẢI BÚA LIỀM VÀNG LẦN THỨ X
VTV - NHỮNG GIAI ĐIỆU ĐẸP
VĂN HÓA - THỂ THAO CAND
THƠ XUÂN QUÁN
PHIM TRUYỆN Muôn nẻo cười haha
PHÓNG SỰ Hồi sinh cuộc đời mới
VTV SỐNG KHỎE
HẠNH PHÚC LÀ GÌ?
PHÓNG SỰ Đổi thay ở xã đảo Minh Châu
BÂY GIỜ VÀ Ở ĐÂY
ĐỘC BẢN DUO
GIAI ĐIỆU VIỆT NAM
PHIM TRUYỆN Người du hành
PHIM TRUYỆN Lỡ hẹn với ngày xanh
PHIM TÀI LIỆU Điều ba chưa nói
PHIM TÀI LIỆU Ngược dòng
PHÓNG SỰ Ngành lúa gạo và nút thắt tín dụng
TỔ QUỐC NHÌN TỪ BIỂN
THTT HỘI NGHỊ TOÀN QUỐC TRIỂN KHAI THỰC HIỆN NGHỊ QUYẾT VỀ PHÁT TRIỂN KINH TẾ CÓ VỐN ĐẦU TƯ NƯỚC NGOÀI
TT FIFA WORLD CUP 2026 - BÁN KẾT
PHIM TRUYỆN Cảm ơn bác sĩ
PHÓNG SỰ Tp. Huế phát triển rừng gỗ lớn có chứng chỉ
PHÓNG SỰ Hành trình ngược bản Nà Đang
THTT GIẢI CHẠY S-RACE 2026 TẠI CÀ MAU
PHÓNG SỰ Tăng cường đảm bảo an toàn giao thông đường sắt
PHIM TÀI LIỆU Giờ làm việc
PHÓNG SỰ Gieo mầm xanh nơi bão lũ đi qua
PHIM TRUYỆN Những người phụ nữ bé nhỏ
PHÓNG SỰ Người Việt Nam ở Venezuela đón Tết cổ truyền
PHIM TRUYỆN Em biết em yêu anh
KÝ SỰ U Minh mùa sa mưa
BÌNH LUẬN FIFA WORLD CUP 2026
PHÓNG SỰ Du lịch cộng đồng gắn với làng nghề bền vững
SITCOM 54 sắc màu 1 trái tim
PHIM TÀI LIỆU Khát vọng mở lối
CHƯƠNG TRÌNH THIẾU NHI
PHIM TRUYỆN Nước mắt chảy ngược
PHIM TÀI LIỆU Tổng Bí thư Hà Huy Tập
PHIM TRUYỆN Gia đình trái dấu
PHÓNG SỰ Bình yên dưới mái chùa
PHIM TÀI LIỆU Niềm tin
PHIM TRUYỆN Người giàu cũng khóc
PHIM TÀI LIỆU Dưới mái nhà yêu thương
GALA VIỆC TỬ TẾ
PHIM TÀI LIỆU Sức mạnh gấu trúc
THTT CẦU TRUYỀN HÌNH: HAI TAY XÂY DỰNG MỘT SƠN HÀ
PHÓNG SỰ Tên cho em
CẢ NHÀ CÙNG VUI
PHÓNG SỰ Mái trường vùng biên
TRẠM ĐA SẮC
THTT LỄ TRAO GIẢI THƯỞNG SÁCH QUỐC GIA LẦN THỨ VIII
PHÓNG SỰ Niềm tin của cử tri vùng đồng bào dân tộc
PHIM TRUYỆN Gió ngang khoảng trời xanh
PHÓNG SỰ Phượng Dực - Làng livestream ngàn tỉ
PHIM TRUYỆN Tận hiến
THTT KHAI MẠC FESTIVAL BIỂN KHÁNH HÒA NĂM 2026
PHÓNG SỰ Bảo vệ nền tảng tư tưởng của Đảng trong kỷ nguyên mới
PHÓNG SỰ Nghị quyết 57 - Đòn bẩy số cho vùng cao
PHÓNG SỰ Cây dược liệu mở hướng làm giàu
PHIM TRUYỆN Đi đến nơi có gió
PHÓNG SỰ Phụ phẩm nông nghiệp - Nguồn tài nguyên mới của kinh tế xanh
PHIM TRUYỆN Nữ xế
PHIM TRUYỆN Tình yêu không hẹn trước
TRƯỜNG TEEN
PHIM TÀI LIỆU Bản sắc Việt trên trường quốc tế
CUỐI TUẦN KỂ CHUYỆN
KÝ SỰ Xuôi những dòng kênh miền Tây
PHIM TRUYỆN Tết này em nổi tiếng
THTT LỄ TRAO GIẢI CUỘC THI AI THỰC CHIẾN 2025
PHIM TRUYỆN Đứa em thừa kế
PHIM TRUYỆN Những con búp bê
PHIM TRUYỆN Biển đời giông tố
PHIM TRUYỆN Khoảng cách
PHÓNG SỰ Trách nhiệm trước cử tri
PHIM TÀI LIỆU Khẳng định vai trò trụ cột
PHIM TÀI LIỆU Chiến lược dữ liệu quốc gia
PHÓNG SỰ Tín ngưỡng nông nghiệp của người Thái
PHÓNG SỰ Tp.Hồ Chí Minh - Trung tâm đổi mới sáng tạo khu vực
PHÓNG SỰ Đồng hành ngư dân đảo xa
TT NGÀY HỘI VĂN HÓA DÂN TỘC CHĂM LẦN THỨ VI
PHIM TRUYỆN Tình ký song sinh
"THTT HỘI NGHỊ TOÀN QUỐC NGHIÊN CỨU, HỌC TẬP, QUÁN TRIỆT VÀ TRIỂN KHAI THỰC HIỆN NGHỊ QUYẾT ĐẠI HỘI XIV CỦA ĐẢNG"
PHIM TRUYỆN Sếp lớn muốn cưới tôi
CUỘC SỐNG NHIỆM MÀU
PHIM TÀI LIỆU Báo chí thời đổi mới - Khởi đầu một kỷ nguyên mới
PHÓNG SỰ Kỷ vật ngày toàn thắng
7 PHÚT CHO BỮA SÁNG
CÂU CHUYỆN TỪ NHỮNG BÀI CA
PHÓNG SỰ Xây dựng văn hóa giao thông
PHIM TÀI LIỆU Tiếng nói của lương tri
NÉT ẨM THỰC VIỆT
BẠN HỎI - THẦY THUỐC TRẢ LỜI
PHIM TÀI LIỆU Trách nhiệm thiêng liêng
5 KÝ HIỆU NGÔN NGỮ MỖI NGÀY
"HÔM NAY CHƠI GÌ, CHƠI GÌ?"
PHÓNG SỰ Phạt nguội - Mắt thần trên mỗi nẻo đường
PHIM TÀI LIỆU Điều không thể mất
VTV5 KẾT NỐI
LỜI TỰ SỰ
PHIM TRUYỆN Cầu vồng ở phía chân trời
PHÓNG SỰ Đưa văn hóa Tây Nguyên lên trên không gian số
XỔ SỐ KIẾN THIẾT
NET ZERO - GỬI TƯƠNG LAI
PHIM TRUYỆN Trốn chạy
NGƯỜI VIỆT BỐN PHƯƠNG
PHIM TÀI LIỆU Di sản Hồ Chí Minh soi sáng sự nghiệp cách mạng của Đảng và dân tộc trong kỷ nguyên mới
BÍ MẬT THẾ KỶ
ĐẤT KHỎE - CÂY TRỒNG KHỎE
HÀNH TRÌNH DI SẢN
PHIM TRUYỆN Những đứa con nhà họ Kiều
CHUYỆN PHỐ PHƯỜNG
PHÓNG SỰ 80 năm Cảnh sát giao thông Việt Nam - Những chặng đường vinh quang
PHÓNG SỰ Mùa vàng Pù Luông
PHIM TÀI LIỆU Hải quân Nhân dân Việt Nam - Hành trình giữ biển
CINE 7
PHÓNG SỰ Tp.Hồ Chí Minh và những triển vọng kinh tế cho giai đoạn mới
CHƯƠNG TRÌNH TIẾNG SÁN CHÍ
PHÓNG SỰ Nét đẹp văn hóa miền Tây xứ Thanh
PHÓNG SỰ Bóng ma tiền ảo
BÌNH LUẬN GIAO HỮU QUỐC TẾ 2026
CẢM HỨNG FIFA WORLD CUP 2026
THTT DIỄN ĐÀN XÚC TIẾN ĐẦU TƯ TẠI HÀN QUỐC
PHIM TRUYỆN Sứ mệnh vẫy gọi
CHÍNH PHỦ KIẾN TẠO PHÁT TRIỂN
PHÓNG SỰ Chuyện của Sùng Thị Sơ
PHÓNG SỰ Nâng cao năng lực cạnh tranh cho doanh nghiệp nhỏ và vừa
THTT LỄ HỘI HOA LƯ NĂM 2026
TT HỒ CHÍ MINH - HÀNH TRÌNH KHÁT VỌNG 2025
PHÓNG SỰ Tp. Hồ Chí Minh đối diện sụt lún
PHÓNG SỰ Luân chuyển - Cầu nối phát triển
PHIM TÀI LIỆU Cuộc chiến chống buôn người
PHÓNG SỰ Xuân nơi đầu sóng
PHÓNG SỰ Kinh tế di sản - Sức bật từ cội nguồn
VANG VỌNG TỪ NHỮNG LỜI CA
THTT GALA CẶP LÁ YÊU THƯƠNG 2026
PHÓNG SỰ Những mùa hoa Sala
PHIM TÀI LIỆU Từ Dương Kinh đến Hải Phòng - Hành trình ra biển lớn
NHỊP CẦU NÔNG NGHIỆP
THTT GIẢI CHẠY BUÔN MA THUỘT ROBUSTA HALF MARATHON VTV8 2026
PHIM TRUYỆN Hắc kim phong bạo
PHIM TÀI LIỆU Biển đảo Việt Nam - Trầm tích và lịch sử
PHIM TÀI LIỆU Bắc Bộ Phủ - từ Nguyễn Ái Quốc đến Hồ Chí Minh
PHIM TÀI LIỆU Trung đoàn 10 - Sông Hương trên đất Cà Mau
GIÁ MÀ BIẾT TRƯỚC
PHÓNG SỰ Công an số - Bảo đảm an toàn trên từng cung đường
PHIM TRUYỆN Mẹ vắng nhà
PHIM TÀI LIỆU Sức nước
PHIM TÀI LIỆU Đường tới tương lai
"PHIM TRUYỆN Chồng cũ, vợ cũ, người yêu cũ"
BÌNH LUẬN AFC FUTSAL ASIAN CUP INDONESIA 2026
PHIM TÀI LIỆU Hành tinh máy móc
PHIM TRUYỆN Vũ Canh Kỷ
PHIM TRUYỆN Lưu công kỳ án
PHIM TRUYỆN Thiên cơ thập nhị cung
PHIM TÀI LIỆU Cương vực Việt Nam trên biển
PHIM TÀI LIỆU Đường biên vững mạnh
PHIM TRUYỆN Sang xuân mình cưới
CHƯƠNG TRÌNH GIAO LƯU NGHỆ THUẬT - VINH QUANG THẦM LẶNG
12 CON GIÁP
NGON BÁ CHẤY
PHÓNG SỰ Thanh Hóa - Điểm hẹn du lịch trekking mạo hiểm
BÌNH LUẬN BÓNG ĐÁ AFC U23 ASIAN CUP 2026
NGÔI SAO THỂ THAO
RA ĐI GIỮ TRỌN LỜI THỀ THỐNG NHẤT
PHIM TÀI LIỆU Lòng người miền Tây với Bác Hồ
PHÓNG SỰ Siết chặt IUU - Quyết tâm gỡ thẻ vàng
PHÓNG SỰ Quy hoạch xuất phát từ thực tế
PHÓNG SỰ Niềm tin mới - Khát vọng mới
PHÓNG SỰ Cuộc sống mới trên quê hương cách mạng
PHIM TRUYỆN Tiệm cầm đồ nhân ái
TT FIFA WORLD CUP 2026 - HẠNG BA
TẾT RỘN RÀNG KHẮP NƠI - THEO BƯỚC MÙA XUÂN
HÒA NHẠC THÍNH PHÒNG
PHÓNG SỰ Hướng tới nền nông nghiệp carbon thấp
TT VÒNG LOẠI ASIAN CUP 2027
MẸ ƠI TẠI SAO?
PHÓNG SỰ Cải thiện đời sống an sinh xã hội
PHIM TRUYỆN Ba chàng quý tử
HÒA CA
TOÀN CẢNH 24H
THÀNH PHỐ ẤM ÁP TÌNH NGƯỜI
KẾT NỐI Y TẾ
PHIM TÀI LIỆU Dự án Hoang Dã
PHÓNG SỰ Những người âm thầm giữ rừng giữa đại ngàn
CUỐN SÁCH CỦA EM
LỚP HỌC HOÀN MỸ
PHÓNG SỰ Cho những cung đường bình yên
PHÓNG SỰ Đổi thay trên những vùng đất giàu truyền thống cách mạng
CHƯƠNG TRÌNH TIẾNG GIÉ TRIÊNG
XỨ SỞ CẦU VỒNG
PHIM TÀI LIỆU Thành tựu an ninh - Quốc phòng nhiệm kỳ 2020-2025
CÂU CHUYỆN QUỐC TẾ
BIẾN ĐỔI KHÍ HẬU
PHÓNG SỰ Du lịch cộng đồng cất cánh từ Cồn Sơn
VĂN HÓA QĐND
VỊ QUÊ
KHÔNG GIAN MẠNG
PHIM TÀI LIỆU Trạng Trình Nguyễn Bỉnh Khiêm
DẠ KHÚC BFERO
"PHIM TÀI LIỆU Trường Sa, Hoàng Sa - Lược sử địa lý"
CHECK IN VIỆT NAM
ÔNG BỐ HOÀN HẢO
DOANH NGHIỆP - DOANH NHÂN
SITCOM Tám công sở
THỨC TỈNH TÂM HỒN
ĐIỂM HẸN NGƯỜI VIỆT
"PHÓNG SỰ Công nghiệp văn hóa Tp.Hồ Chí Minh: Khơi thông nguồn lực, bứt phá tầm nhìn"
PHÓNG SỰ Vững vàng phên dậu biên cương
PHÓNG SỰ Đặc sắc ẩm thực đường phố xứ Thanh
"PHÓNG SỰ Ngày hội của ý Đảng, lòng dân"
PHIM TRUYỆN Biệt dược đen
PHÓNG SỰ Minh bạch xuất xứ - Bước đi của doanh nghiệp việt
LÁT CẮT FIFA WORLD CUP 2026
PHIM TÀI LIỆU Thiên nhiên quần đảo Cát Bà
"TẬP ĐÚNG, TẬP HAY"
TÂN BINH TOÀN NĂNG
PHIM TÀI LIỆU Lính sinh viên
THTT THANH ÂM KỶ NGUYÊN MỚI
PHIM TÀI LIỆU Những viên gạch hồng
PHIM TRUYỆN Bóng mát thành thị
PHIM TÀI LIỆU Chiến lược Ấn Độ Dương -Thái Bình Dương của Nhật Bản
PHÓNG SỰ Lâm Đồng: Nông nghiệp công nghệ cao không nhà kính
HOÀ CA CÙNG DÂN TỘC
TRƯỜNG SƠN VẠN DẶM
PHIM TÀI LIỆU Con đường khơi mở tiềm năng kinh tế biển
PHIM TÀI LIỆU Miền Trung - Đường ra biển lớn
PHIM TÀI LIỆU Khát vọng đại dương xanh
PHÓNG SỰ Kim Ngân âm thanh của đại ngàn
S - TECH
PHIM TÀI LIỆU Giấc mơ tuổi trẻ ở một Ấn Độ mới
THTT VỮNG BƯỚC DƯỚI CỜ ĐẢNG
HÀNH TRÌNH HẠNH PHÚC 2026
KÝ SỰ Chợ lạ Miền Tây
ĐỐI THOẠI
PHÓNG SỰ Giữ hồn Mường qua du lịch cộng đồng
ANH TRAI VƯỢT NGÀN CHÔNG GAI 2026
TT KHAI MẠC LỄ HỘI VÌ HÒA BÌNH NĂM 2026
PHIM TRUYỆN Chuyện tốt thành đôi
PHIM TRUYỆN Mộng hoa lục
NHẬT KÝ FIFA WORLD CUP 2026
PHÓNG SỰ Tiến độ xây trường nội trú vùng biên
VIỆT NAM - ĐIỂM HẸN
PHÓNG SỰ Đắk Lắk - Điểm đến mới của các nhà đầu tư
"THTT LỄ KHAI MẠC TUẦN LỄ KHOA HỌC, CÔNG NGHỆ - VĂN HÓA, DU LỊCH VÀ CUỘC THI GẠO NGON ĐBSCL LẦN THỨ I NĂM 2026"
PHIM TÀI LIỆU Chuyến tàu thống nhất
CÂY TÁO NỞ HOA
PHIM TRUYỆN Nữ vệ sĩ
PHIM TÀI LIỆU Người gánh ước mơ
PHIM TÀI LIỆU Hành trình số hóa vì nhân dân
PHIM TRUYỆN Tâm lý tội phạm
PHIM TÀI LIỆU Chuyển động thông minh
PHÓNG SỰ Mang Tết đến với đồng bào vùng biên
PHÓNG SỰ Hồn Khơ mú giữa đại ngàn
NGÀY HỘI TOÀN DÂN
TT LÒNG MẸ - MẸ VIỆT NAM
PHÓNG SỰ Mùa xuân trên cao
GALA CẶP LÁ YÊU THƯƠNG 2026
PHIM TRUYỆN Tòa án tình yêu
PHÓNG SỰ Khai thác tối đa tiềm năng vùng núi cao
PHÓNG SỰ Bảo vệ rừng gắn với sinh kế bền vững
KÝ SỰ Đại bàng Trường Sơn
THTT BẾ MẠC ĐẠI HỘI ĐẠI BIỂU TOÀN QUỐC LẦN THỨ XIV CỦA ĐẢNG
PHÓNG SỰ Âm vang Khắp Coọi
PHIM TÀI LIỆU Những thai kỳ bị cấm
THTT BẢN HÙNG CA TRÊN SÔNG
PHÓNG SỰ Cải cách hành chính trong công tác bảo đảm trật tự an toàn giao thông
TẾT VỚI ĐỒNG BÀO
PHIM TÀI LIỆU Tôi là Nguyễn Xuân Son
THTT GALA TRẠM YÊU THƯƠNG
PHÓNG SỰ Miền đất lịch sử trên hành trình đổi thay
PHIM TÀI LIỆU Một năm sắp xếp lại giang sơn
TT FIFA WORLD CUP 2026 - VÒNG TỨ KẾT
TT BẾ MẠC LỄ HỘI PHÁO HOA QUỐC TẾ ĐÀ NẴNG DIFF 2026
ĐIỂM HẸN BẢN SẮC
PHIM TRUYỆN Đôi hài vận mệnh
TỰ HÀO THỂ THAO VIỆT NAM
